Company Name,Industry,Symbol,Series,ISIN Code
3M India Ltd.,SERVICES,3MINDIA,EQ,INE470A01017
ACC Ltd.,CEMENT & CEMENT PRODUCTS,ACC,EQ,INE012A01025
AIA Engineering Ltd.,INDUSTRIAL MANUFACTURING,AIAENG,EQ,INE212H01026
APL Apollo Tubes Ltd.,METALS,APLAPOLLO,EQ,INE702C01019
AU Small Finance Bank Ltd.,FINANCIAL SERVICES,AUBANK,EQ,INE949L01017
Aarti Industries Ltd.,CHEMICALS,AARTIIND,EQ,INE769A01020
Aavas Financiers Ltd.,FINANCIAL SERVICES,AAVAS,EQ,INE216P01012
Abbott India Ltd.,PHARMA,ABBOTINDIA,EQ,INE358A01014
Adani Gas Ltd.,ENERGY,ADANIGAS,EQ,INE399L01023
Adani Green Energy Ltd.,ENERGY,ADANIGREEN,EQ,INE364U01010
Adani Ports and Special Economic Zone Ltd.,SERVICES,ADANIPORTS,EQ,INE742F01042
Adani Power Ltd.,ENERGY,ADANIPOWER,EQ,INE814H01011
Adani Transmission Ltd.,ENERGY,ADANITRANS,EQ,INE931S01010
Aditya Birla Capital Ltd.,FINANCIAL SERVICES,ABCAPITAL,EQ,INE674K01013
Aditya Birla Fashion and Retail Ltd.,CONSUMER GOODS,ABFRL,EQ,INE647O01011
Advanced Enzyme Tech Ltd.,CONSUMER GOODS,ADVENZYMES,EQ,INE837H01020
Aegis Logistics Ltd.,ENERGY,AEGISCHEM,EQ,INE208C01025
Affle (India) Ltd.,IT,AFFLE,BE,INE00WC01019
Ajanta Pharmaceuticals Ltd.,PHARMA,AJANTPHARM,EQ,INE031B01049
Akzo Nobel India Ltd.,CONSUMER GOODS,AKZOINDIA,EQ,INE133A01011
Alembic Pharmaceuticals Ltd.,PHARMA,APLLTD,EQ,INE901L01018
Alkem Laboratories Ltd.,PHARMA,ALKEM,EQ,INE540L01014
Allcargo Logistics Ltd.,SERVICES,ALLCARGO,EQ,INE418H01029
Amara Raja Batteries Ltd.,AUTOMOBILE,AMARAJABAT,EQ,INE885A01032
Amber Enterprises India Ltd.,CONSUMER GOODS,AMBER,EQ,INE371P01015
Ambuja Cements Ltd.,CEMENT & CEMENT PRODUCTS,AMBUJACEM,EQ,INE079A01024
Apollo Hospitals Enterprise Ltd.,HEALTHCARE SERVICES,APOLLOHOSP,EQ,INE437A01024
Apollo Tyres Ltd.,AUTOMOBILE,APOLLOTYRE,EQ,INE438A01022
Arvind Fashions Ltd.,CONSUMER GOODS,ARVINDFASN,EQ,INE955V01021
Asahi India Glass Ltd.,AUTOMOBILE,ASAHIINDIA,EQ,INE439A01020
Ashok Leyland Ltd.,AUTOMOBILE,ASHOKLEY,EQ,INE208A01029
Ashoka Buildcon Ltd.,CONSTRUCTION,ASHOKA,EQ,INE442H01029
Asian Paints Ltd.,CONSUMER GOODS,ASIANPAINT,EQ,INE021A01026
Aster DM Healthcare Ltd.,HEALTHCARE SERVICES,ASTERDM,EQ,INE914M01019
AstraZenca Pharma India Ltd.,PHARMA,ASTRAZEN,EQ,INE203A01020
Astral Poly Technik Ltd.,INDUSTRIAL MANUFACTURING,ASTRAL,EQ,INE006I01046
Atul Ltd.,CHEMICALS,ATUL,EQ,INE100A01010
Aurobindo Pharma Ltd.,PHARMA,AUROPHARMA,EQ,INE406A01037
Avanti Feeds Ltd.,CONSUMER GOODS,AVANTIFEED,EQ,INE871C01038
Avenue Supermarts Ltd.,CONSUMER GOODS,DMART,BE,INE192R01011
Axis Bank Ltd.,FINANCIAL SERVICES,AXISBANK,EQ,INE238A01034
BASF India Ltd.,CHEMICALS,BASF,EQ,INE373A01013
BEML Ltd.,INDUSTRIAL MANUFACTURING,BEML,EQ,INE258A01016
BSE Ltd.,FINANCIAL SERVICES,BSE,EQ,INE118H01025
Bajaj Auto Ltd.,AUTOMOBILE,BAJAJ-AUTO,EQ,INE917I01010
Bajaj Consumer Care Ltd.,CONSUMER GOODS,BAJAJCON,EQ,INE933K01021
Bajaj Electricals Ltd,CONSUMER GOODS,BAJAJELEC,EQ,INE193E01025
Bajaj Finance Ltd.,FINANCIAL SERVICES,BAJFINANCE,EQ,INE296A01024
Bajaj Finserv Ltd.,FINANCIAL SERVICES,BAJAJFINSV,EQ,INE918I01018
Bajaj Holdings & Investment Ltd.,FINANCIAL SERVICES,BAJAJHLDNG,EQ,INE118A01012
Balkrishna Industries Ltd.,AUTOMOBILE,BALKRISIND,EQ,INE787D01026
Balmer Lawrie & Co. Ltd.,SERVICES,BALMLAWRIE,EQ,INE164A01016
Balrampur Chini Mills Ltd.,CONSUMER GOODS,BALRAMCHIN,EQ,INE119A01028
Bandhan Bank Ltd.,FINANCIAL SERVICES,BANDHANBNK,EQ,INE545U01014
Bank of Baroda,FINANCIAL SERVICES,BANKBARODA,EQ,INE028A01039
Bank of India,FINANCIAL SERVICES,BANKINDIA,EQ,INE084A01016
Bank of Maharashtra.,FINANCIAL SERVICES,MAHABANK,EQ,INE457A01014
Bata India Ltd.,CONSUMER GOODS,BATAINDIA,EQ,INE176A01028
Bayer Cropscience Ltd.,FERTILISERS & PESTICIDES,BAYERCROP,EQ,INE462A01022
Berger Paints India Ltd.,CONSUMER GOODS,BERGEPAINT,EQ,INE463A01038
Bharat Dynamics Ltd.,INDUSTRIAL MANUFACTURING,BDL,EQ,INE171Z01018
Bharat Electronics Ltd.,INDUSTRIAL MANUFACTURING,BEL,EQ,INE263A01024
Bharat Forge Ltd.,INDUSTRIAL MANUFACTURING,BHARATFORG,EQ,INE465A01025
Bharat Heavy Electricals Ltd.,INDUSTRIAL MANUFACTURING,BHEL,EQ,INE257A01026
Bharat Petroleum Corporation Ltd.,ENERGY,BPCL,EQ,INE029A01011
Bharti Airtel Ltd.,TELECOM,BHARTIARTL,EQ,INE397D01024
Bharti Infratel Ltd.,TELECOM,INFRATEL,EQ,INE121J01017
Biocon Ltd.,PHARMA,BIOCON,EQ,INE376G01013
Birla Corporation Ltd.,CEMENT & CEMENT PRODUCTS,BIRLACORPN,EQ,INE340A01012
Birlasoft Ltd.,IT,BSOFT,EQ,INE836A01035
Bliss GVS Pharma Ltd.,PHARMA,BLISSGVS,EQ,INE416D01022
Blue Dart Express Ltd.,SERVICES,BLUEDART,EQ,INE233B01017
Blue Star Ltd.,CONSUMER GOODS,BLUESTARCO,EQ,INE472A01039
Bombay Burmah Trading Corporation Ltd.,CONSUMER GOODS,BBTC,EQ,INE050A01025
Bombay Dyeing & Manufacturing Co. Ltd.,TEXTILES,BOMDYEING,EQ,INE032A01023
Bosch Ltd.,AUTOMOBILE,BOSCHLTD,EQ,INE323A01026
Brigade Enterprises Ltd.,CONSTRUCTION,BRIGADE,EQ,INE791I01019
Britannia Industries Ltd.,CONSUMER GOODS,BRITANNIA,EQ,INE216A01030
CARE Ratings Ltd.,FINANCIAL SERVICES,CARERATING,EQ,INE752H01013
CCL Products (I) Ltd.,CONSUMER GOODS,CCL,EQ,INE421D01022
CESC Ltd.,ENERGY,CESC,EQ,INE486A01013
CRISIL Ltd.,FINANCIAL SERVICES,CRISIL,EQ,INE007A01025
Cadila Healthcare Ltd.,PHARMA,CADILAHC,EQ,INE010B01027
Can Fin Homes Ltd.,FINANCIAL SERVICES,CANFINHOME,EQ,INE477A01020
Canara Bank,FINANCIAL SERVICES,CANBK,EQ,INE476A01014
Caplin Point Laboratories Ltd.,PHARMA,CAPLIPOINT,EQ,INE475E01026
Capri Global Capital Ltd.,FINANCIAL SERVICES,CGCL,EQ,INE180C01026
Carborundum Universal Ltd.,INDUSTRIAL MANUFACTURING,CARBORUNIV,EQ,INE120A01034
Castrol India Ltd.,ENERGY,CASTROLIND,EQ,INE172A01027
Ceat Ltd.,AUTOMOBILE,CEATLTD,EQ,INE482A01020
Central Bank of India,FINANCIAL SERVICES,CENTRALBK,EQ,INE483A01010
Central Depository Services (India) Ltd.,FINANCIAL SERVICES,CDSL,EQ,INE736A01011
Century Plyboards (India) Ltd.,CONSUMER GOODS,CENTURYPLY,EQ,INE348B01021
Cera Sanitaryware Ltd,CONSTRUCTION,CERA,EQ,INE739E01017
Chalet Hotels Ltd.,SERVICES,CHALET,EQ,INE427F01016
Chambal Fertilizers & Chemicals Ltd.,FERTILISERS & PESTICIDES,CHAMBLFERT,EQ,INE085A01013
Chennai Petroleum Corporation Ltd.,ENERGY,CHENNPETRO,EQ,INE178A01016
Cholamandalam Financial Holdings Ltd.,FINANCIAL SERVICES,CHOLAHLDNG,EQ,INE149A01033
Cholamandalam Investment and Finance Company Ltd.,FINANCIAL SERVICES,CHOLAFIN,EQ,INE121A01024
Cipla Ltd.,PHARMA,CIPLA,EQ,INE059A01026
City Union Bank Ltd.,FINANCIAL SERVICES,CUB,EQ,INE491A01021
Coal India Ltd.,METALS,COALINDIA,EQ,INE522F01014
Cochin Shipyard Ltd.,INDUSTRIAL MANUFACTURING,COCHINSHIP,EQ,INE704P01017
Colgate Palmolive (India) Ltd.,CONSUMER GOODS,COLPAL,EQ,INE259A01022
Container Corporation of India Ltd.,SERVICES,CONCOR,EQ,INE111A01025
Coromandel International Ltd.,FERTILISERS & PESTICIDES,COROMANDEL,EQ,INE169A01031
CreditAccess Grameen Ltd.,FINANCIAL SERVICES,CREDITACC,EQ,INE741K01010
Crompton Greaves Consumer Electricals Ltd.,CONSUMER GOODS,CROMPTON,EQ,INE299U01018
Cummins India Ltd.,INDUSTRIAL MANUFACTURING,CUMMINSIND,EQ,INE298A01020
Cyient Ltd.,IT,CYIENT,EQ,INE136B01020
D.B.Corp Ltd.,MEDIA & ENTERTAINMENT,DBCORP,EQ,INE950I01011
DCB Bank Ltd.,FINANCIAL SERVICES,DCBBANK,EQ,INE503A01015
DCM Shriram Ltd.,CONSUMER GOODS,DCMSHRIRAM,EQ,INE499A01024
DLF Ltd.,CONSTRUCTION,DLF,EQ,INE271C01023
Dabur India Ltd.,CONSUMER GOODS,DABUR,EQ,INE016A01026
Dalmia Bharat Ltd.,CEMENT & CEMENT PRODUCTS,DALBHARAT,EQ,INE00R701025
Deepak Nitrite Ltd.,CHEMICALS,DEEPAKNTR,EQ,INE288B01029
Delta Corp Ltd.,SERVICES,DELTACORP,EQ,INE124G01033
Dewan Housing Finance Corporation Ltd.,FINANCIAL SERVICES,DHFL,EQ,INE202B01012
Dilip Buildcon Ltd.,CONSTRUCTION,DBL,EQ,INE917M01012
Dish TV India Ltd.,MEDIA & ENTERTAINMENT,DISHTV,EQ,INE836F01026
Dishman Carbogen Amcis Ltd.,PHARMA,DCAL,EQ,INE385W01011
Divi's Laboratories Ltd.,PHARMA,DIVISLAB,EQ,INE361B01024
Dixon Technologies (India) Ltd.,CONSUMER GOODS,DIXON,EQ,INE935N01012
Dr. Lal Path Labs Ltd.,HEALTHCARE SERVICES,LALPATHLAB,EQ,INE600L01024
Dr. Reddy's Laboratories Ltd.,PHARMA,DRREDDY,EQ,INE089A01023
E.I.D. Parry (India) Ltd.,FERTILISERS & PESTICIDES,EIDPARRY,EQ,INE126A01031
EIH Ltd.,SERVICES,EIHOTEL,EQ,INE230A01023
Edelweiss Financial Services Ltd.,FINANCIAL SERVICES,EDELWEISS,EQ,INE532F01054
Eicher Motors Ltd.,AUTOMOBILE,EICHERMOT,EQ,INE066A01013
Elgi Equipments Ltd.,INDUSTRIAL MANUFACTURING,ELGIEQUIP,EQ,INE285A01027
Emami Ltd.,CONSUMER GOODS,EMAMILTD,EQ,INE548C01032
Endurance Technologies Ltd.,AUTOMOBILE,ENDURANCE,EQ,INE913H01037
Engineers India Ltd.,CONSTRUCTION,ENGINERSIN,EQ,INE510A01028
Equitas Holdings Ltd.,FINANCIAL SERVICES,EQUITAS,EQ,INE988K01017
Eris Lifesciences Ltd.,PHARMA,ERIS,EQ,INE406M01024
Escorts Ltd.,AUTOMOBILE,ESCORTS,EQ,INE042A01014
Essel Propack Ltd.,INDUSTRIAL MANUFACTURING,ESSELPACK,EQ,INE255A01020
Exide Industries Ltd.,AUTOMOBILE,EXIDEIND,EQ,INE302A01020
FDC Ltd.,PHARMA,FDC,EQ,INE258B01022
Federal Bank Ltd.,FINANCIAL SERVICES,FEDERALBNK,EQ,INE171A01029
Federal-Mogul Goetze (India) Ltd.,AUTOMOBILE,FMGOETZE,EQ,INE529A01010
Fine Organic Industries Ltd.,CHEMICALS,FINEORG,EQ,INE686Y01026
Finolex Cables Ltd.,INDUSTRIAL MANUFACTURING,FINCABLES,EQ,INE235A01022
Finolex Industries Ltd.,INDUSTRIAL MANUFACTURING,FINPIPE,EQ,INE183A01016
Firstsource Solutions Ltd.,IT,FSL,EQ,INE684F01012
Fortis Healthcare Ltd.,HEALTHCARE SERVICES,FORTIS,EQ,INE061F01013
Future Consumer Ltd.,CONSUMER GOODS,FCONSUMER,EQ,INE220J01025
Future Lifestyle Fashions Ltd.,CONSUMER GOODS,FLFL,EQ,INE452O01016
Future Retail Ltd.,CONSUMER GOODS,FRETAIL,EQ,INE752P01024
GAIL (India) Ltd.,ENERGY,GAIL,EQ,INE129A01019
GE Power India Ltd.,INDUSTRIAL MANUFACTURING,GEPIL,EQ,INE878A01011
GE T&D India Ltd.,INDUSTRIAL MANUFACTURING,GET&D,EQ,INE200A01026
GHCL Ltd.,CHEMICALS,GHCL,EQ,INE539A01019
GMR Infrastructure Ltd.,CONSTRUCTION,GMRINFRA,EQ,INE776C01039
Galaxy Surfactants Ltd.,CHEMICALS,GALAXYSURF,EQ,INE600K01018
Garware Technical Fibres Ltd.,TEXTILES,GARFIBRES,EQ,INE276A01018
Gayatri Projects Ltd.,CONSTRUCTION,GAYAPROJ,EQ,INE336H01023
General Insurance Corporation of India,FINANCIAL SERVICES,GICRE,EQ,INE481Y01014
Gillette India Ltd.,CONSUMER GOODS,GILLETTE,EQ,INE322A01010
Glaxosmithkline Pharmaceuticals Ltd.,PHARMA,GLAXO,EQ,INE159A01016
Glenmark Pharmaceuticals Ltd.,PHARMA,GLENMARK,EQ,INE935A01035
Godfrey Phillips India Ltd.,CONSUMER GOODS,GODFRYPHLP,EQ,INE260B01028
Godrej Agrovet Ltd.,CONSUMER GOODS,GODREJAGRO,EQ,INE850D01014
Godrej Consumer Products Ltd.,CONSUMER GOODS,GODREJCP,EQ,INE102D01028
Godrej Industries Ltd.,CONSUMER GOODS,GODREJIND,EQ,INE233A01035
Godrej Properties Ltd.,CONSTRUCTION,GODREJPROP,EQ,INE484J01027
Granules India Ltd.,PHARMA,GRANULES,EQ,INE101D01020
Graphite India Ltd.,INDUSTRIAL MANUFACTURING,GRAPHITE,EQ,INE371A01025
Grasim Industries Ltd.,CEMENT & CEMENT PRODUCTS,GRASIM,EQ,INE047A01021
Great Eastern Shipping Co. Ltd.,SERVICES,GESHIP,EQ,INE017A01032
Greaves Cotton Ltd.,INDUSTRIAL MANUFACTURING,GREAVESCOT,EQ,INE224A01026
Grindwell Norton Ltd.,INDUSTRIAL MANUFACTURING,GRINDWELL,EQ,INE536A01023
Gujarat Alkalies & Chemicals Ltd.,CHEMICALS,GUJALKALI,EQ,INE186A01019
Gujarat Gas Ltd.,ENERGY,GUJGASLTD,EQ,INE844O01030
Gujarat Mineral Development Corporation Ltd.,METALS,GMDCLTD,EQ,INE131A01031
Gujarat Narmada Valley Fertilizers and Chemicals Ltd.,CHEMICALS,GNFC,EQ,INE113A01013
Gujarat Pipavav Port Ltd.,SERVICES,GPPL,EQ,INE517F01014
Gujarat State Fertilizers & Chemicals Ltd.,FERTILISERS & PESTICIDES,GSFC,EQ,INE026A01025
Gujarat State Petronet Ltd.,ENERGY,GSPL,EQ,INE246F01010
Gulf Oil Lubricants India Ltd.,ENERGY,GULFOILLUB,EQ,INE635Q01029
H.E.G. Ltd.,INDUSTRIAL MANUFACTURING,HEG,EQ,INE545A01016
HCL Technologies Ltd.,IT,HCLTECH,EQ,INE860A01027
HDFC Asset Management Company Ltd.,FINANCIAL SERVICES,HDFCAMC,EQ,INE127D01025
HDFC Bank Ltd.,FINANCIAL SERVICES,HDFCBANK,EQ,INE040A01034
HDFC Life Insurance Company Ltd.,FINANCIAL SERVICES,HDFCLIFE,EQ,INE795G01014
HFCL Ltd.,TELECOM,HFCL,EQ,INE548A01028
Hatsun Agro Product Ltd.,CONSUMER GOODS,HATSUN,EQ,INE473B01035
Havells India Ltd.,CONSUMER GOODS,HAVELLS,EQ,INE176B01034
HeidelbergCement India Ltd.,CEMENT & CEMENT PRODUCTS,HEIDELBERG,EQ,INE578A01017
Heritage Foods Ltd.,CONSUMER GOODS,HERITGFOOD,EQ,INE978A01027
Hero MotoCorp Ltd.,AUTOMOBILE,HEROMOTOCO,EQ,INE158A01026
Hexaware Technologies Ltd.,IT,HEXAWARE,EQ,INE093A01033
Himadri Speciality Chemical Ltd.,CHEMICALS,HSCL,EQ,INE019C01026
Himatsingka Seide Ltd.,TEXTILES,HIMATSEIDE,EQ,INE049A01027
Hindalco Industries Ltd.,METALS,HINDALCO,EQ,INE038A01020
Hindustan Aeronautics Ltd.,INDUSTRIAL MANUFACTURING,HAL,EQ,INE066F01012
Hindustan Copper Ltd.,METALS,HINDCOPPER,EQ,INE531E01026
Hindustan Petroleum Corporation Ltd.,ENERGY,HINDPETRO,EQ,INE094A01015
Hindustan Unilever Ltd.,CONSUMER GOODS,HINDUNILVR,EQ,INE030A01027
Hindustan Zinc Ltd.,METALS,HINDZINC,EQ,INE267A01025
Honeywell Automation India Ltd.,INDUSTRIAL MANUFACTURING,HONAUT,EQ,INE671A01010
Housing & Urban Development Corporation Ltd.,FINANCIAL SERVICES,HUDCO,EQ,INE031A01017
Housing Development Finance Corporation Ltd.,FINANCIAL SERVICES,HDFC,EQ,INE001A01036
ICICI Bank Ltd.,FINANCIAL SERVICES,ICICIBANK,EQ,INE090A01021
ICICI Lombard General Insurance Company Ltd.,FINANCIAL SERVICES,ICICIGI,EQ,INE765G01017
ICICI Prudential Life Insurance Company Ltd.,FINANCIAL SERVICES,ICICIPRULI,EQ,INE726G01019
ICICI Securities Ltd.,FINANCIAL SERVICES,ISEC,EQ,INE763G01038
ICRA Ltd.,FINANCIAL SERVICES,ICRA,EQ,INE725G01011
IDBI Bank Ltd.,FINANCIAL SERVICES,IDBI,EQ,INE008A01015
IDFC First Bank Ltd.,FINANCIAL SERVICES,IDFCFIRSTB,EQ,INE092T01019
IDFC Ltd.,FINANCIAL SERVICES,IDFC,EQ,INE043D01016
IFB Industries Ltd.,CONSUMER GOODS,IFBIND,EQ,INE559A01017
IFCI Ltd.,FINANCIAL SERVICES,IFCI,EQ,INE039A01010
IIFL Finance Ltd.,FINANCIAL SERVICES,IIFL,EQ,INE530B01024
IRB Infrastructure Developers Ltd.,CONSTRUCTION,IRB,EQ,INE821I01014
IRCON International Ltd.,CONSTRUCTION,IRCON,EQ,INE962Y01013
ITC Ltd.,CONSUMER GOODS,ITC,EQ,INE154A01025
ITD Cementation India Ltd.,CONSTRUCTION,ITDCEM,EQ,INE686A01026
ITI Ltd.,TELECOM,ITI,EQ,INE248A01017
India Cements Ltd.,CEMENT & CEMENT PRODUCTS,INDIACEM,EQ,INE383A01012
India Tourism Development Corporation Ltd.,SERVICES,ITDC,EQ,INE353K01014
Indiabulls Housing Finance Ltd.,FINANCIAL SERVICES,IBULHSGFIN,EQ,INE148I01020
Indiabulls Integrated Services Ltd.,IT,IBULISL,EQ,INE126M01010
Indiabulls Real Estate Ltd.,CONSTRUCTION,IBREALEST,EQ,INE069I01010
Indiabulls Ventures Ltd.,FINANCIAL SERVICES,IBVENTURES,EQ,INE274G01010
Indiamart Intermesh Ltd.,CONSUMER GOODS,INDIAMART,EQ,INE933S01016
Indian Bank,FINANCIAL SERVICES,INDIANB,EQ,INE562A01011
Indian Energy Exchange Ltd.,FINANCIAL SERVICES,IEX,EQ,INE022Q01020
Indian Hotels Co. Ltd.,SERVICES,INDHOTEL,EQ,INE053A01029
Indian Oil Corporation Ltd.,ENERGY,IOC,EQ,INE242A01010
Indian Overseas Bank ,FINANCIAL SERVICES,IOB,EQ,INE565A01014
IndoStar Capital Finance Ltd.,FINANCIAL SERVICES,INDOSTAR,EQ,INE896L01010
Indraprastha Gas Ltd.,ENERGY,IGL,EQ,INE203G01027
IndusInd Bank Ltd.,FINANCIAL SERVICES,INDUSINDBK,EQ,INE095A01012
Infibeam Avenues Ltd.,IT,INFIBEAM,EQ,INE483S01020
Info Edge (India) Ltd.,IT,NAUKRI,EQ,INE663F01024
Infosys Ltd.,IT,INFY,EQ,INE009A01021
Inox Leisure Ltd.,MEDIA & ENTERTAINMENT,INOXLEISUR,EQ,INE312H01016
Intellect Design Arena Ltd.,IT,INTELLECT,EQ,INE306R01017
InterGlobe Aviation Ltd.,SERVICES,INDIGO,EQ,INE646L01027
Ipca Laboratories Ltd.,PHARMA,IPCALAB,EQ,INE571A01020
J.B. Chemicals & Pharmaceuticals Ltd.,PHARMA,JBCHEPHARM,EQ,INE572A01028
J.K. Cement Ltd.,CEMENT & CEMENT PRODUCTS,JKCEMENT,EQ,INE823G01014
JK Lakshmi Cement Ltd.,CEMENT & CEMENT PRODUCTS,JKLAKSHMI,EQ,INE786A01032
JK Paper Ltd.,PAPER,JKPAPER,EQ,INE789E01012
JK Tyre & Industries Ltd.,AUTOMOBILE,JKTYRE,EQ,INE573A01042
JM Financial Ltd.,FINANCIAL SERVICES,JMFINANCIL,EQ,INE780C01023
JSW Energy Ltd.,ENERGY,JSWENERGY,EQ,INE121E01018
JSW Steel Ltd.,METALS,JSWSTEEL,EQ,INE019A01038
Jagran Prakashan Ltd.,MEDIA & ENTERTAINMENT,JAGRAN,EQ,INE199G01027
Jai Corp Ltd.,INDUSTRIAL MANUFACTURING,JAICORPLTD,EQ,INE070D01027
Jain Irrigation Systems Ltd.,INDUSTRIAL MANUFACTURING,JISLJALEQS,EQ,INE175A01038
Jammu & Kashmir Bank Ltd.,FINANCIAL SERVICES,J&KBANK,EQ,INE168A01041
Jamna Auto Industries Ltd.,AUTOMOBILE,JAMNAAUTO,EQ,INE039C01032
Jindal Saw Ltd.,METALS,JINDALSAW,EQ,INE324A01024
Jindal Stainless (Hisar) Ltd.,METALS,JSLHISAR,EQ,INE455T01018
Jindal Stainless Ltd.,METALS,JSL,EQ,INE220G01021
Jindal Steel & Power Ltd.,METALS,JINDALSTEL,EQ,INE749A01030
Johnson Controls - Hitachi Air Conditioning India Ltd.,CONSUMER GOODS,JCHAC,EQ,INE782A01015
Jubilant Foodworks Ltd.,CONSUMER GOODS,JUBLFOOD,EQ,INE797F01012
Jubilant Life Sciences Ltd.,PHARMA,JUBILANT,EQ,INE700A01033
Justdial Ltd.,IT,JUSTDIAL,EQ,INE599M01018
Jyothy Labs Ltd.,CONSUMER GOODS,JYOTHYLAB,EQ,INE668F01031
K.P.R. Mill Ltd.,TEXTILES,KPRMILL,EQ,INE930H01023
KEI Industries Ltd.,INDUSTRIAL MANUFACTURING,KEI,EQ,INE878B01027
KNR Constructions Ltd.,CONSTRUCTION,KNRCON,EQ,INE634I01029
KPIT Technologies Ltd.,IT,KPITTECH,EQ,INE04I401011
KRBL Ltd.,CONSUMER GOODS,KRBL,EQ,INE001B01026
Kajaria Ceramics Ltd.,CONSTRUCTION,KAJARIACER,EQ,INE217B01036
Kalpataru Power Transmission Ltd.,ENERGY,KALPATPOWR,EQ,INE220B01022
Kansai Nerolac Paints Ltd.,CONSUMER GOODS,KANSAINER,EQ,INE531A01024
Karnataka Bank Ltd.,FINANCIAL SERVICES,KTKBANK,EQ,INE614B01018
Karur Vysya Bank Ltd.,FINANCIAL SERVICES,KARURVYSYA,EQ,INE036D01028
Kaveri Seed Company Ltd.,CONSUMER GOODS,KSCL,EQ,INE455I01029
Kec International Ltd.,CONSTRUCTION,KEC,EQ,INE389H01022
Kennametal India Ltd.,INDUSTRIAL MANUFACTURING,KENNAMET,EQ,INE717A01029
Kirloskar Oil Eng Ltd.,INDUSTRIAL MANUFACTURING,KIRLOSENG,EQ,INE146L01010
Kolte-Patil Developers Ltd.,CONSTRUCTION,KOLTEPATIL,EQ,INE094I01018
Kotak Mahindra Bank Ltd.,FINANCIAL SERVICES,KOTAKBANK,EQ,INE237A01028
L&T Finance Holdings Ltd.,FINANCIAL SERVICES,L&TFH,EQ,INE498L01015
L&T Technology Services Ltd.,IT,LTTS,EQ,INE010V01017
LIC Housing Finance Ltd.,FINANCIAL SERVICES,LICHSGFIN,EQ,INE115A01026
Lakshmi Machine Works Ltd.,INDUSTRIAL MANUFACTURING,LAXMIMACH,EQ,INE269B01029
Lakshmi Vilas Bank Ltd.,FINANCIAL SERVICES,LAKSHVILAS,EQ,INE694C01018
Larsen & Toubro Infotech Ltd.,IT,LTI,EQ,INE214T01019
Larsen & Toubro Ltd.,CONSTRUCTION,LT,EQ,INE018A01030
Laurus Labs Ltd.,PHARMA,LAURUSLABS,EQ,INE947Q01010
Lemon Tree Hotels Ltd.,SERVICES,LEMONTREE,EQ,INE970X01018
Linde India Ltd.,CHEMICALS,LINDEINDIA,EQ,INE473A01011
Lupin Ltd.,PHARMA,LUPIN,EQ,INE326A01037
Lux Industries Ltd.,TEXTILES,LUXIND,EQ,INE150G01020
MAS Financial Services Ltd.,FINANCIAL SERVICES,MASFIN,EQ,INE348L01012
MMTC Ltd.,SERVICES,MMTC,EQ,INE123F01029
MOIL Ltd.,METALS,MOIL,EQ,INE490G01020
MRF Ltd.,AUTOMOBILE,MRF,EQ,INE883A01011
Magma Fincorp Ltd.,FINANCIAL SERVICES,MAGMA,EQ,INE511C01022
Mahanagar Gas Ltd.,ENERGY,MGL,EQ,INE002S01010
Maharashtra Scooters Ltd.,AUTOMOBILE,MAHSCOOTER,EQ,INE288A01013
Maharashtra Seamless Ltd.,METALS,MAHSEAMLES,EQ,INE271B01025
Mahindra & Mahindra Financial Services Ltd.,FINANCIAL SERVICES,M&MFIN,EQ,INE774D01024
Mahindra & Mahindra Ltd.,AUTOMOBILE,M&M,EQ,INE101A01026
Mahindra CIE Automotive Ltd.,INDUSTRIAL MANUFACTURING,MAHINDCIE,EQ,INE536H01010
Mahindra Holidays & Resorts India Ltd.,SERVICES,MHRIL,EQ,INE998I01010
Mahindra Logistics Ltd.,SERVICES,MAHLOG,EQ,INE766P01016
Manappuram Finance Ltd.,FINANCIAL SERVICES,MANAPPURAM,EQ,INE522D01027
Mangalore Refinery & Petrochemicals Ltd.,ENERGY,MRPL,EQ,INE103A01014
Marico Ltd.,CONSUMER GOODS,MARICO,EQ,INE196A01026
Maruti Suzuki India Ltd.,AUTOMOBILE,MARUTI,EQ,INE585B01010
Max Financial Services Ltd.,FINANCIAL SERVICES,MFSL,EQ,INE180A01020
Metropolis Healthcare Ltd.,HEALTHCARE SERVICES,METROPOLIS,EQ,INE112L01020
MindTree Ltd.,IT,MINDTREE,EQ,INE018I01017
Minda Corporation Ltd.,AUTOMOBILE,MINDACORP,EQ,INE842C01021
Minda Industries Ltd.,AUTOMOBILE,MINDAIND,EQ,INE405E01023
Mishra Dhatu Nigam Ltd.,METALS,MIDHANI,EQ,INE099Z01011
Motherson Sumi Systems Ltd.,AUTOMOBILE,MOTHERSUMI,EQ,INE775A01035
Motilal Oswal Financial Services Ltd.,FINANCIAL SERVICES,MOTILALOFS,EQ,INE338I01027
MphasiS Ltd.,IT,MPHASIS,EQ,INE356A01018
Multi Commodity Exchange of India Ltd.,FINANCIAL SERVICES,MCX,EQ,INE745G01035
Muthoot Finance Ltd.,FINANCIAL SERVICES,MUTHOOTFIN,EQ,INE414G01012
NATCO Pharma Ltd.,PHARMA,NATCOPHARM,EQ,INE987B01026
NBCC (India) Ltd.,CONSTRUCTION,NBCC,EQ,INE095N01031
NCC Ltd.,CONSTRUCTION,NCC,EQ,INE868B01028
NESCO Ltd.,SERVICES,NESCO,EQ,INE317F01035
NHPC Ltd.,ENERGY,NHPC,EQ,INE848E01016
NIIT Technologies Ltd.,IT,NIITTECH,EQ,INE591G01017
NLC India Ltd.,ENERGY,NLCINDIA,EQ,INE589A01014
NMDC Ltd.,METALS,NMDC,EQ,INE584A01023
NTPC Ltd.,ENERGY,NTPC,EQ,INE733E01010
Narayana Hrudayalaya Ltd.,HEALTHCARE SERVICES,NH,EQ,INE410P01011
National Aluminium Co. Ltd.,METALS,NATIONALUM,EQ,INE139A01034
National Fertilizers Ltd.,FERTILISERS & PESTICIDES,NFL,EQ,INE870D01012
Nava Bharat Ventures Ltd.,ENERGY,NBVENTURES,EQ,INE725A01022
Navin Fluorine International Ltd.,CHEMICALS,NAVINFLUOR,EQ,INE048G01026
Nestle India Ltd.,CONSUMER GOODS,NESTLEIND,EQ,INE239A01016
Network18 Media & Investments Ltd.,MEDIA & ENTERTAINMENT,NETWORK18,EQ,INE870H01013
Nilkamal Ltd.,INDUSTRIAL MANUFACTURING,NILKAMAL,EQ,INE310A01015
Nippon Life India Asset Management Ltd.,FINANCIAL SERVICES,NAM-INDIA,EQ,INE298J01013
Oberoi Realty Ltd.,CONSTRUCTION,OBEROIRLTY,EQ,INE093I01010
Oil & Natural Gas Corporation Ltd.,ENERGY,ONGC,EQ,INE213A01029
Oil India Ltd.,ENERGY,OIL,EQ,INE274J01014
Omaxe Ltd.,CONSTRUCTION,OMAXE,EQ,INE800H01010
Oracle Financial Services Software Ltd.,IT,OFSS,EQ,INE881D01027
Orient Cement Ltd.,CEMENT & CEMENT PRODUCTS,ORIENTCEM,EQ,INE876N01018
Orient Electric Ltd.,CONSUMER GOODS,ORIENTELEC,EQ,INE142Z01019
Orient Refractories Ltd.,INDUSTRIAL MANUFACTURING,ORIENTREF,EQ,INE743M01012
PC Jeweller Ltd.,CONSUMER GOODS,PCJEWELLER,EQ,INE785M01013
PI Industries Ltd.,FERTILISERS & PESTICIDES,PIIND,EQ,INE603J01030
PNB Housing Finance Ltd.,FINANCIAL SERVICES,PNBHOUSING,EQ,INE572E01012
PNC Infratech Ltd.,CONSTRUCTION,PNCINFRA,EQ,INE195J01029
PTC India Ltd.,ENERGY,PTC,EQ,INE877F01012
PVR Ltd.,MEDIA & ENTERTAINMENT,PVR,EQ,INE191H01014
Page Industries Ltd.,TEXTILES,PAGEIND,EQ,INE761H01022
Parag Milk Foods Ltd.,CONSUMER GOODS,PARAGMILK,EQ,INE883N01014
Persistent Systems Ltd.,IT,PERSISTENT,EQ,INE262H01013
Petronet LNG Ltd.,ENERGY,PETRONET,EQ,INE347G01014
Pfizer Ltd.,PHARMA,PFIZER,EQ,INE182A01018
Phillips Carbon Black Ltd.,CHEMICALS,PHILIPCARB,EQ,INE602A01023
Phoenix Mills Ltd.,CONSTRUCTION,PHOENIXLTD,EQ,INE211B01039
Pidilite Industries Ltd.,CHEMICALS,PIDILITIND,EQ,INE318A01026
Piramal Enterprises Ltd.,PHARMA,PEL,EQ,INE140A01024
Polycab India Ltd.,INDUSTRIAL MANUFACTURING,POLYCAB,EQ,INE455K01017
Power Finance Corporation Ltd.,FINANCIAL SERVICES,PFC,EQ,INE134E01011
Power Grid Corporation of India Ltd.,ENERGY,POWERGRID,EQ,INE752E01010
Praj Industries Ltd.,INDUSTRIAL MANUFACTURING,PRAJIND,EQ,INE074A01025
Prestige Estates Projects Ltd.,CONSTRUCTION,PRESTIGE,EQ,INE811K01011
Prism Johnson Ltd.,CEMENT & CEMENT PRODUCTS,PRSMJOHNSN,EQ,INE010A01011
Procter & Gamble Health Ltd.,PHARMA,PGHL,EQ,INE199A01012
Procter & Gamble Hygiene & Health Care Ltd.,CONSUMER GOODS,PGHH,EQ,INE179A01014
Punjab National Bank,FINANCIAL SERVICES,PNB,EQ,INE160A01022
Quess Corp Ltd.,SERVICES,QUESS,EQ,INE615P01015
RBL Bank Ltd.,FINANCIAL SERVICES,RBLBANK,EQ,INE976G01028
REC Ltd.,FINANCIAL SERVICES,RECLTD,EQ,INE020B01018
RITES Ltd.,CONSTRUCTION,RITES,EQ,INE320J01015
Radico Khaitan Ltd,CONSUMER GOODS,RADICO,EQ,INE944F01028
Rail Vikas Nigam Ltd.,CONSTRUCTION,RVNL,EQ,INE415G01027
Rain Industries Ltd,CHEMICALS,RAIN,EQ,INE855B01025
Rajesh Exports Ltd.,CONSUMER GOODS,RAJESHEXPO,EQ,INE343B01030
Rallis India Ltd.,FERTILISERS & PESTICIDES,RALLIS,EQ,INE613A01020
Rashtriya Chemicals & Fertilizers Ltd.,FERTILISERS & PESTICIDES,RCF,EQ,INE027A01015
Ratnamani Metals & Tubes Ltd.,METALS,RATNAMANI,EQ,INE703B01027
Raymond Ltd.,TEXTILES,RAYMOND,EQ,INE301A01014
Redington (India) Ltd.,SERVICES,REDINGTON,EQ,INE891D01026
Relaxo Footwears Ltd.,CONSUMER GOODS,RELAXO,EQ,INE131B01039
Reliance Capital Ltd.,FINANCIAL SERVICES,RELCAPITAL,EQ,INE013A01015
Reliance Industries Ltd.,ENERGY,RELIANCE,EQ,INE002A01018
Reliance Infrastructure Ltd.,ENERGY,RELINFRA,EQ,INE036A01016
Reliance Power Ltd.,ENERGY,RPOWER,EQ,INE614G01033
Repco Home Finance Ltd.,FINANCIAL SERVICES,REPCOHOME,EQ,INE612J01015
Responsive Industries Ltd.,INDUSTRIAL MANUFACTURING,RESPONIND,EQ,INE688D01026
S H Kelkar and Company Ltd.,CONSUMER GOODS,SHK,EQ,INE500L01026
SBI Life Insurance Company Ltd.,FINANCIAL SERVICES,SBILIFE,EQ,INE123W01016
SJVN Ltd.,ENERGY,SJVN,EQ,INE002L01015
SKF India Ltd.,INDUSTRIAL MANUFACTURING,SKFINDIA,EQ,INE640A01023
SRF Ltd.,TEXTILES,SRF,EQ,INE647A01010
Sadbhav Engineering Ltd.,CONSTRUCTION,SADBHAV,EQ,INE226H01026
Sanofi India Ltd.,PHARMA,SANOFI,EQ,INE058A01010
Schaeffler India Ltd.,INDUSTRIAL MANUFACTURING,SCHAEFFLER,EQ,INE513A01014
Security and Intelligence Services (India) Ltd.,SERVICES,SIS,EQ,INE285J01028
Sheela Foam Ltd.,CONSUMER GOODS,SFL,EQ,INE916U01025
Shilpa Medicare Ltd.,PHARMA,SHILPAMED,EQ,INE790G01031
Shoppers Stop Ltd.,CONSUMER GOODS,SHOPERSTOP,EQ,INE498B01024
Shree Cement Ltd.,CEMENT & CEMENT PRODUCTS,SHREECEM,EQ,INE070A01015
Shree Renuka Sugars Ltd.,CONSUMER GOODS,RENUKA,EQ,INE087H01022
Shriram City Union Finance Ltd.,FINANCIAL SERVICES,SHRIRAMCIT,EQ,INE722A01011
Shriram Transport Finance Co. Ltd.,FINANCIAL SERVICES,SRTRANSFIN,EQ,INE721A01013
Siemens Ltd.,INDUSTRIAL MANUFACTURING,SIEMENS,EQ,INE003A01024
Sobha Ltd.,CONSTRUCTION,SOBHA,EQ,INE671H01015
Solar Industries India Ltd.,CHEMICALS,SOLARINDS,EQ,INE343H01029
Sonata Software Ltd.,IT,SONATSOFTW,EQ,INE269A01021
South Indian Bank Ltd.,FINANCIAL SERVICES,SOUTHBANK,EQ,INE683A01023
Spandana Sphoorty Financial Ltd.,FINANCIAL SERVICES,SPANDANA,EQ,INE572J01011
Spicejet Ltd.,SERVICES,SPICEJET,EQ,INE285B01017
Star Cement Ltd.,CEMENT & CEMENT PRODUCTS,STARCEMENT,EQ,INE460H01021
State Bank of India,FINANCIAL SERVICES,SBIN,EQ,INE062A01020
Steel Authority of India Ltd.,METALS,SAIL,EQ,INE114A01011
Sterlite Technologies Ltd.,TELECOM,STRTECH,EQ,INE089C01029
Strides Pharma Science Ltd.,PHARMA,STAR,EQ,INE939A01011
Sudarshan Chemical Industries Ltd.,CHEMICALS,SUDARSCHEM,EQ,INE659A01023
Sun Pharma Advanced Research Company Ltd.,PHARMA,SPARC,EQ,INE232I01014
Sun Pharmaceutical Industries Ltd.,PHARMA,SUNPHARMA,EQ,INE044A01036
Sun TV Network Ltd.,MEDIA & ENTERTAINMENT,SUNTV,EQ,INE424H01027
Sundaram Clayton Ltd.,AUTOMOBILE,SUNCLAYLTD,EQ,INE105A01035
Sundaram Finance Ltd.,FINANCIAL SERVICES,SUNDARMFIN,EQ,INE660A01013
Sundram Fasteners Ltd.,AUTOMOBILE,SUNDRMFAST,EQ,INE387A01021
Sunteck Realty Ltd.,CONSTRUCTION,SUNTECK,EQ,INE805D01034
Suprajit Engineering Ltd.,AUTOMOBILE,SUPRAJIT,EQ,INE399C01030
Supreme Industries Ltd.,INDUSTRIAL MANUFACTURING,SUPREMEIND,EQ,INE195A01028
Suzlon Energy Ltd.,INDUSTRIAL MANUFACTURING,SUZLON,EQ,INE040H01021
Swan Energy Ltd.,TEXTILES,SWANENERGY,EQ,INE665A01038
Symphony Ltd.,CONSUMER GOODS,SYMPHONY,EQ,INE225D01027
Syngene International Ltd.,PHARMA,SYNGENE,EQ,INE398R01022
TCI Express Ltd.,SERVICES,TCIEXP,EQ,INE586V01016
TCNS Clothing Co. Ltd.,TEXTILES,TCNSBRANDS,EQ,INE778U01029
TTK Prestige Ltd.,CONSUMER GOODS,TTKPRESTIG,EQ,INE690A01010
TV Today Network Ltd.,MEDIA & ENTERTAINMENT,TVTODAY,EQ,INE038F01029
TV18 Broadcast Ltd.,MEDIA & ENTERTAINMENT,TV18BRDCST,EQ,INE886H01027
TVS Motor Company Ltd.,AUTOMOBILE,TVSMOTOR,EQ,INE494B01023
Take Solutions Ltd.,PHARMA,TAKE,EQ,INE142I01023
Tasty Bite Eatables Ltd.,CONSUMER GOODS,TASTYBITE,EQ,INE488B01017
Tata Consultancy Services Ltd.,IT,TCS,EQ,INE467B01029
Tata Consumer Products Ltd.,CONSUMER GOODS,TATACONSUM,EQ,INE192A01025
Tata Elxsi Ltd.,IT,TATAELXSI,EQ,INE670A01012
Tata Investment Corporation Ltd.,FINANCIAL SERVICES,TATAINVEST,EQ,INE672A01018
Tata Motors Ltd DVR,AUTOMOBILE,TATAMTRDVR,EQ,IN9155A01020
Tata Motors Ltd.,AUTOMOBILE,TATAMOTORS,EQ,INE155A01022
Tata Power Co. Ltd.,ENERGY,TATAPOWER,EQ,INE245A01021
Tata Steel BSL Ltd.,METALS,TATASTLBSL,EQ,INE824B01021
Tata Steel Ltd.,METALS,TATASTEEL,EQ,INE081A01012
Teamlease Services Ltd.,SERVICES,TEAMLEASE,EQ,INE985S01024
Tech Mahindra Ltd.,IT,TECHM,EQ,INE669C01036
Techno Electric & Engineering Company Ltd.,CONSTRUCTION,TECHNOE,EQ,INE285K01026
The New India Assurance Company Ltd.,FINANCIAL SERVICES,NIACL,EQ,INE470Y01017
The Ramco Cements Ltd.,CEMENT & CEMENT PRODUCTS,RAMCOCEM,EQ,INE331A01037
Thermax Ltd.,INDUSTRIAL MANUFACTURING,THERMAX,EQ,INE152A01029
Thyrocare Technologies Ltd.,HEALTHCARE SERVICES,THYROCARE,EQ,INE594H01019
Time Technoplast Ltd.,INDUSTRIAL MANUFACTURING,TIMETECHNO,EQ,INE508G01029
Timken India Ltd.,INDUSTRIAL MANUFACTURING,TIMKEN,EQ,INE325A01013
Titan Company Ltd.,CONSUMER GOODS,TITAN,EQ,INE280A01028
Torrent Pharmaceuticals Ltd.,PHARMA,TORNTPHARM,EQ,INE685A01028
Torrent Power Ltd.,ENERGY,TORNTPOWER,EQ,INE813H01021
Trent Ltd.,CONSUMER GOODS,TRENT,EQ,INE849A01020
Trident Ltd.,TEXTILES,TRIDENT,EQ,INE064C01022
Triveni Turbine Ltd.,INDUSTRIAL MANUFACTURING,TRITURBINE,EQ,INE152M01016
Tube Investments of India Ltd.,AUTOMOBILE,TIINDIA,EQ,INE974X01010
UCO Bank,FINANCIAL SERVICES,UCOBANK,EQ,INE691A01018
UFLEX Ltd.,INDUSTRIAL MANUFACTURING,UFLEX,EQ,INE516A01017
UPL Ltd.,FERTILISERS & PESTICIDES,UPL,EQ,INE628A01036
Ujjivan Financial Services Ltd.,FINANCIAL SERVICES,UJJIVAN,EQ,INE334L01012
UltraTech Cement Ltd.,CEMENT & CEMENT PRODUCTS,ULTRACEMCO,EQ,INE481G01011
Union Bank of India,FINANCIAL SERVICES,UNIONBANK,EQ,INE692A01016
United Breweries Ltd.,CONSUMER GOODS,UBL,EQ,INE686F01025
United Spirits Ltd.,CONSUMER GOODS,MCDOWELL-N,EQ,INE854D01024
V-Guard Industries Ltd.,CONSUMER GOODS,VGUARD,EQ,INE951I01027
V-Mart Retail Ltd.,CONSUMER GOODS,VMART,EQ,INE665J01013
V.I.P. Industries Ltd.,CONSUMER GOODS,VIPIND,EQ,INE054A01027
VRL Logistics Ltd.,SERVICES,VRLLOG,EQ,INE366I01010
VST Industries Ltd.,CONSUMER GOODS,VSTIND,EQ,INE710A01016
Va Tech Wabag Ltd.,SERVICES,WABAG,EQ,INE956G01038
Vaibhav Global Ltd.,CONSUMER GOODS,VAIBHAVGBL,EQ,INE884A01019
Vakrangee Ltd.,IT,VAKRANGEE,EQ,INE051B01021
Vardhman Textiles Ltd.,TEXTILES,VTL,EQ,INE825A01012
Varroc Engineering Ltd.,AUTOMOBILE,VARROC,EQ,INE665L01035
Varun Beverages Ltd.,CONSUMER GOODS,VBL,EQ,INE200M01013
Vedanta Ltd.,METALS,VEDL,EQ,INE205A01025
Venky's (India) Ltd.,CONSUMER GOODS,VENKEYS,EQ,INE398A01010
Vinati Organics Ltd.,CHEMICALS,VINATIORGA,EQ,INE410B01037
Vodafone Idea Ltd.,TELECOM,IDEA,EQ,INE669E01016
Voltas Ltd.,CONSUMER GOODS,VOLTAS,EQ,INE226A01021
WABCO India Ltd.,AUTOMOBILE,WABCOINDIA,EQ,INE342J01019
Welspun Corp Ltd.,METALS,WELCORP,EQ,INE191B01025
Welspun India Ltd.,TEXTILES,WELSPUNIND,EQ,INE192B01031
Westlife Development Ltd.,SERVICES,WESTLIFE,EQ,INE274F01020
Whirlpool of India Ltd.,CONSUMER GOODS,WHIRLPOOL,EQ,INE716A01013
Wipro Ltd.,IT,WIPRO,EQ,INE075A01022
Wockhardt Ltd.,PHARMA,WOCKPHARMA,EQ,INE049B01025
Yes Bank Ltd.,FINANCIAL SERVICES,YESBANK,EQ,INE528G01027
Zee Entertainment Enterprises Ltd.,MEDIA & ENTERTAINMENT,ZEEL,EQ,INE256A01028
Zensar Technolgies Ltd.,IT,ZENSARTECH,EQ,INE520A01027
Zydus Wellness Ltd.,CONSUMER GOODS,ZYDUSWELL,EQ,INE768C01010
eClerx Services Ltd.,IT,ECLERX,EQ,INE738I01010
360 ONE Wam Ltd.,FINANCIAL SERVICES,360ONE,EQ,INE466L01038
Aarti Pharmalabs Ltd.,PHARMA,AARTIPHARM,EQ,INE0LRU01027
Aavas Financiers Ltd.,FINANCIAL SERVICES,AAVAS,EQ,INE216P01012
Aban Offshore Ltd.,ENERGY,ABAN,EQ,INE421A01028
Action Construction Equipment Ltd.,INDUSTRIAL MANUFACTURING,ACE,EQ,INE731H01025
Aditya Birla Money Ltd.,FINANCIAL SERVICES,ABMONEY,EQ,INE865C01022
Aditya Birla Sun Life AMC Ltd.,FINANCIAL SERVICES,ABSLAMC,EQ,INE404A01024
Aether Industries Ltd.,CHEMICALS,AETHER,EQ,INE0BWX01014
Agarwal Industrial Corporation Ltd.,CHEMICALS,AGARIND,EQ,INE204A01010
AGI Greenpac Ltd.,INDUSTRIAL MANUFACTURING,AGI,EQ,INE415A01038
Ahluwalia Contracts (India) Ltd.,CONSTRUCTION,AHLUCONT,EQ,INE758C01029
AIA Engineering Ltd.,INDUSTRIAL MANUFACTURING,AIAENG,EQ,INE212H01026
Airtel Africa Plc,TELECOM,AIRTELAFRI,EQ,INE0B5501010
Akzo Nobel India Ltd.,CONSUMER GOODS,AKZOINDIA,EQ,INE133A01011
Allcargo Logistics Ltd.,SERVICES,ALLCARGO,EQ,INE418H01029
Amber Enterprises India Ltd.,CONSUMER GOODS,AMBER,EQ,INE371P01015
Amrutanjan Health Care Ltd.,PHARMA,AMRUTANJAN,EQ,INE098F01031
Anand Rathi Wealth Ltd.,FINANCIAL SERVICES,ANANDRATHI,EQ,INE463V01026
Angel One Ltd.,FINANCIAL SERVICES,ANGELONE,EQ,INE732I01013
Anupam Rasayan India Ltd.,CHEMICALS,ANURAS,EQ,INE930P01018
Aptus Value Housing Finance India Ltd.,FINANCIAL SERVICES,APTUS,EQ,INE852O01025
Archean Chemical Industries Ltd.,CHEMICALS,ACI,EQ,INE128X01021
Arihant Superstructures Ltd.,CONSTRUCTION,ARIHANTSUP,EQ,INE643K01018
Arman Financial Services Ltd.,FINANCIAL SERVICES,ARMANFIN,EQ,INE109C01017
Arvind Ltd.,TEXTILES,ARVIND,EQ,INE034A01011
Asahi India Glass Ltd.,AUTOMOBILE,ASAHIINDIA,EQ,INE439A01020
Ashoka Buildcon Ltd.,CONSTRUCTION,ASHOKA,EQ,INE442H01029
Astra Microwave Products Ltd.,INDUSTRIAL MANUFACTURING,ASTRAMICRO,EQ,INE386C01029
Atul Auto Ltd.,AUTOMOBILE,ATULAUTO,EQ,INE951D01028
Avanti Feeds Ltd.,CONSUMER GOODS,AVANTIFEED,EQ,INE871C01038
Bajaj Consumer Care Ltd.,CONSUMER GOODS,BAJAJCON,EQ,INE933K01021
Bajaj Hindusthan Sugar Ltd.,CONSUMER GOODS,BAJAJHIND,EQ,INE306A01021
Bajaj Housing Finance Ltd.,FINANCIAL SERVICES,BAJAJHFL,EQ,INE377Y01014
Balaji Amines Ltd.,CHEMICALS,BALAMINES,EQ,INE050E01027
Balaji Telefilms Ltd.,MEDIA & ENTERTAINMENT,BALAJITELE,EQ,INE794B01026
Balaxi Pharmaceuticals Ltd.,PHARMA,BALAXI,EQ,INE618N01014
Bank of Maharashtra,FINANCIAL SERVICES,MAHABANK,EQ,INE457A01014
Bannari Amman Sugars Ltd.,CONSUMER GOODS,BANARISUG,EQ,INE459A01010
Barbeque Nation Hospitality Ltd.,SERVICES,BARBEQUE,EQ,INE382M01027
BCL Industries Ltd.,CONSUMER GOODS,BCLIND,EQ,INE412G01024
BEML Land Assets Ltd.,CONSTRUCTION,BEMLLAND,EQ,INE0K4701018
Bharat Bijlee Ltd.,INDUSTRIAL MANUFACTURING,BBL,EQ,INE464A01028
Bharat Rasayan Ltd.,FERTILISERS & PESTICIDES,BHARATRAS,EQ,INE838B01013
Bharat Wire Ropes Ltd.,METALS,BHARATWIRE,EQ,INE316L01019
Bikaji Foods International Ltd.,CONSUMER GOODS,BIKAJI,EQ,INE00E101023
Birla Cable Ltd.,TELECOM,BIRLACABLE,EQ,INE800A01015
Birla Corporation Ltd.,CEMENT & CEMENT PRODUCTS,BIRLACORPN,EQ,INE340A01012
Black Box Ltd.,IT,BBL,EQ,INE676A01019
Bliss GVS Pharma Ltd.,PHARMA,BLISSGVS,EQ,INE416D01022
Blue Dart Express Ltd.,SERVICES,BLUEDART,EQ,INE233B01017
Bombay Dyeing & Manufacturing Co. Ltd.,TEXTILES,BOMDYEING,EQ,INE032A01023
Brigade Enterprises Ltd.,CONSTRUCTION,BRIGADE,EQ,INE791I01019
Campus Activewear Ltd.,CONSUMER GOODS,CAMPUS,EQ,INE278Y01022
Capacit'e Infraprojects Ltd.,CONSTRUCTION,CAPACITE,EQ,INE557Z01018
Capital Small Finance Bank Ltd.,FINANCIAL SERVICES,CAPITALSF,EQ,INE0K601015
Caplin Point Laboratories Ltd.,PHARMA,CAPLIPOINT,EQ,INE475E01026
CARE Ratings Ltd.,FINANCIAL SERVICES,CARERATING,EQ,INE752H01013
Castrol India Ltd.,ENERGY,CASTROLIND,EQ,INE172A01027
C.E. Info Systems Ltd. (MapmyIndia),IT,MAPMYINDIA,EQ,INE0BV301023
Century Enka Ltd.,TEXTILES,CENTENKA,EQ,INE485A01015
Century Extrusions Ltd.,METALS,CENTEXT,EQ,INE281A01026
Cera Sanitaryware Ltd.,CONSTRUCTION,CERA,EQ,INE739E01017
Chalet Hotels Ltd.,SERVICES,CHALET,EQ,INE427F01016
Chembond Chemicals Ltd.,CHEMICALS,CHEMBOND,EQ,INE995D01025
Chemplast Sanmar Ltd.,CHEMICALS,CHEMPLASTS,EQ,INE488A01050
Chennai Petroleum Corporation Ltd.,ENERGY,CHENNPETRO,EQ,INE178A01016
Choice International Ltd.,FINANCIAL SERVICES,CHOICEIN,EQ,INE102B01014
Cigniti Technologies Ltd.,IT,CIGNITITEC,EQ,INE675C01017
Cochin Shipyard Ltd.,INDUSTRIAL MANUFACTURING,COCHINSHIP,EQ,INE704P01017
Computer Age Management Services Ltd.,FINANCIAL SERVICES,CAMS,EQ,INE596I01012
Craftsman Automation Ltd.,INDUSTRIAL MANUFACTURING,CRAFTSMAN,EQ,INE00LO01017
Cupid Ltd.,CONSUMER GOODS,CUPID,EQ,INE509F01011
D.B.Corp Ltd.,MEDIA & ENTERTAINMENT,DBCORP,EQ,INE950I01011
Data Patterns (India) Ltd.,INDUSTRIAL MANUFACTURING,DATAPATTNS,EQ,INE0IX101010
DCM Shriram Ltd.,CONSUMER GOODS,DCMSHRIRAM,EQ,INE499A01024
Deep Industries Ltd.,ENERGY,DEEPINDS,EQ,INE0FHS01024
Delhivery Ltd.,SERVICES,DELHIVERY,EQ,INE148O01028
Den Networks Ltd.,MEDIA & ENTERTAINMENT,DEN,EQ,INE947J01015
Devyani International Ltd.,CONSUMER GOODS,DEVYANI,EQ,INE872J01023
Dhanuka Agritech Ltd.,FERTILISERS & PESTICIDES,DHANUKA,EQ,INE435G01025
Dharmaj Crop Guard Ltd.,FERTILISERS & PESTICIDES,DHARMAJ,EQ,INE0OGG01015
Dilip Buildcon Ltd.,CONSTRUCTION,DBL,EQ,INE917M01012
Dishman Carbogen Amcis Ltd.,PHARMA,DCAL,EQ,INE385W01011
Dodla Dairy Ltd.,CONSUMER GOODS,DODLA,EQ,INE021O01019
Dollar Industries Ltd.,TEXTILES,DOLLAR,EQ,INE325C01035
Dreamfolks Services Ltd.,SERVICES,DREAMFOLKS,EQ,INE0L6I01021
Dredging Corporation of India Ltd.,SERVICES,DREDGECORP,EQ,INE506A01018
Dynacons Systems & Solutions Ltd.,IT,DSSL,EQ,INE417B01040
E.I.D. Parry (India) Ltd.,FERTILISERS & PESTICIDES,EIDPARRY,EQ,INE126A01031
Easy Trip Planners Ltd.,SERVICES,EASEMYTRIP,EQ,INE07O01018
Edelweiss Financial Services Ltd.,FINANCIAL SERVICES,EDELWEISS,EQ,INE532F01054
Effluent Treatment Ltd.,SERVICES,EFFLUENT,EQ,INE0Q8F01019
EIH Associated Hotels Ltd.,SERVICES,EIHAHOTELS,EQ,INE276A01018
Elecon Engineering Company Ltd.,INDUSTRIAL MANUFACTURING,ELECON,EQ,INE205B01023
Electronics Mart India Ltd.,CONSUMER GOODS,EMIL,EQ,INE02YR01019
Elgi Rubber Co. Ltd.,AUTOMOBILE,ELGIRUBCO,EQ,INE819L01012
Emami Paper Mills Ltd.,PAPER,EMAMIPAP,EQ,INE830C01026
Emcure Pharmaceuticals Ltd.,PHARMA,EMCURE,EQ,INE647Y01014
Endurance Technologies Ltd.,AUTOMOBILE,ENDURANCE,EQ,INE913H01037
Epigral Ltd.,CHEMICALS,EPIGRAL,EQ,INE071N01016
Eris Lifesciences Ltd.,PHARMA,ERIS,EQ,INE406M01024
Esab India Ltd.,INDUSTRIAL MANUFACTURING,ESABINDIA,EQ,INE284A01012
Eveready Industries India Ltd.,CONSUMER GOODS,EVEREADY,EQ,INE128A01029
Exide Industries Ltd.,AUTOMOBILE,EXIDEIND,EQ,INE302A01020
Exxaro Tiles Ltd.,CONSTRUCTION,EXXARO,EQ,INE0GFE01018
FDC Ltd.,PHARMA,FDC,EQ,INE258B01022
Federal-Mogul Goetze (India) Ltd.,AUTOMOBILE,FMGOETZE,EQ,INE529A01010
Fiem Industries Ltd.,AUTOMOBILE,FIEMIND,EQ,INE737H01014
Fine Organic Industries Ltd.,CHEMICALS,FINEORG,EQ,INE686Y01026
Fino Payments Bank Ltd.,FINANCIAL SERVICES,FINOPB,EQ,INE02NC01014
Finolex Cables Ltd.,INDUSTRIAL MANUFACTURING,FINCABLES,EQ,INE235A01022
Five-Star Business Finance Ltd.,FINANCIAL SERVICES,FIVESTAR,EQ,INE128S01021
Foseco India Ltd.,CHEMICALS,FOSECOIND,EQ,INE519A01011
FSN E-Commerce Ventures Ltd. (Nykaa),CONSUMER GOODS,NYKAA,EQ,INE388Y01029
Gabriel India Ltd.,AUTOMOBILE,GABRIEL,EQ,INE524A01029
Ganesh Housing Corporation Ltd.,CONSTRUCTION,GANESHHOUC,EQ,INE460C01014
Garware Hi-Tech Films Ltd.,INDUSTRIAL MANUFACTURING,GHCL,EQ,INE539A01019
Gateway Distriparks Ltd.,SERVICES,GATEWAY,EQ,INE852F01015
General Insurance Corporation of India,FINANCIAL SERVICES,GICRE,EQ,INE481Y01014
Gensol Engineering Ltd.,ENERGY,GENSOL,EQ,INE0GLS01025
Gillette India Ltd.,CONSUMER GOODS,GILLETTE,EQ,INE322A01010
Gland Pharma Ltd.,PHARMA,GLAND,EQ,INE068V01023
Global Health Ltd.,HEALTHCARE SERVICES,GLOBAL,EQ,INE08V001013
GMM Pfaudler Ltd.,INDUSTRIAL MANUFACTURING,GMMPFAUDLR,EQ,INE541A01023
Go Fashion (India) Ltd.,CONSUMER GOODS,GOCOLORS,EQ,INE0BJS01011
Gokaldas Exports Ltd.,TEXTILES,GOKEX,EQ,INE887G01027
Goldiam International Ltd.,CONSUMER GOODS,GOLDIAM,EQ,INE025B01025
Goodluck India Ltd.,METALS,GOODLUCK,EQ,INE127I01024
Granules India Ltd.,PHARMA,GRANULES,EQ,INE101D01020
Graphite India Ltd.,INDUSTRIAL MANUFACTURING,GRAPHITE,EQ,INE371A01025
Great Eastern Shipping Co. Ltd.,SERVICES,GESHIP,EQ,INE017A01032
Greenlam Industries Ltd.,CONSUMER GOODS,GREENLAM,EQ,INE544R01021
Greenpanel Industries Ltd.,CONSUMER GOODS,GREENPANEL,EQ,INE08ZM01014
Gretex Corporate Services Ltd.,FINANCIAL SERVICES,GRETEX,EQ,INE0NIF01011
G R Infraprojects Ltd.,CONSTRUCTION,GRINFRA,EQ,INE201P01022
Gufic Biosciences Ltd.,PHARMA,GUFICBIO,EQ,INE742B01025
Gujarat Ambuja Exports Ltd.,CONSUMER GOODS,GAEL,EQ,INE036B01030
Gujarat Fluorochemicals Ltd.,CHEMICALS,FLUOROCHEM,EQ,INE09N301011
Gujarat Pipavav Port Ltd.,SERVICES,GPPL,EQ,INE517F01014
Gulf Oil Lubricants India Ltd.,ENERGY,GULFOILLUB,EQ,INE635Q01029
Happiest Minds Technologies Ltd.,IT,HAPPSTMNDS,EQ,INE419U01012
Hariom Pipe Industries Ltd.,METALS,HARIOMPIPE,EQ,INE0B1P01019
Hathway Cable & Datacom Ltd.,MEDIA & ENTERTAINMENT,HATHWAY,EQ,INE982F01036
HBL Power Systems Ltd.,INDUSTRIAL MANUFACTURING,HBLPOWER,EQ,INE292B01021
Heranba Industries Ltd.,FERTILISERS & PESTICIDES,HERANBA,EQ,INE694N01015
Heritage Foods Ltd.,CONSUMER GOODS,HERITGFOOD,EQ,INE978A01027
Hikal Ltd.,PHARMA,HIKAL,EQ,INE475B01022
Hind Rectifiers Ltd.,INDUSTRIAL MANUFACTURING,HIRECT,EQ,INE835D01023
Hindustan Foods Ltd.,CONSUMER GOODS,HNDFDS,EQ,INE254N01018
Hindustan Media Ventures Ltd.,MEDIA & ENTERTAINMENT,HMVL,EQ,INE871K01015
Home First Finance Company India Ltd.,FINANCIAL SERVICES,HOMEFIRST,EQ,INE481N01034
Honasa Consumer Ltd.,CONSUMER GOODS,HONASA,EQ,INE0J5401028
HPL Electric & Power Ltd.,INDUSTRIAL MANUFACTURING,HPLELECTRIC,EQ,INE495P01012
HSIL Ltd.,CONSTRUCTION,HSIL,EQ,INE415A01038
Ibulls Enterprises Ltd.,CONSTRUCTION,IBENTER,EQ,INE059901020
IFGL Refractories Ltd.,INDUSTRIAL MANUFACTURING,IFGLEXPOR,EQ,INE023B01020
India Glycols Ltd.,CHEMICALS,INDIAGLYCO,EQ,INE560A01015
India Pesticides Ltd.,FERTILISERS & PESTICIDES,IPL,EQ,INE0D6701023
Indiamart Intermesh Ltd.,CONSUMER GOODS,INDIAMART,EQ,INE933S01016
Indo Count Industries Ltd.,TEXTILES,ICIL,EQ,INE483B01026
Indo National Ltd.,CONSUMER GOODS,INDONATION,EQ,INE567A01028
Indoco Remedies Ltd.,PHARMA,INDOCO,EQ,INE873D01024
Indo Rama Synthetics (India) Ltd.,TEXTILES,INDORAMA,EQ,INE156A01020
Indo Tech Transformers Ltd.,INDUSTRIAL MANUFACTURING,INDOTECH,EQ,INE332H01014
Indowind Energy Ltd.,ENERGY,INDOWIND,EQ,INE227G01018
Ingersoll-Rand (India) Ltd.,INDUSTRIAL MANUFACTURING,INGERRAND,EQ,INE177A01018
Inox Green Energy Services Ltd.,ENERGY,INOXGREEN,EQ,INE510W01014
Inox Wind Ltd.,ENERGY,INOXWIND,EQ,INE066P01011
Intellect Design Arena Ltd.,IT,INTELLECT,EQ,INE306R01017
IRB Infrastructure Developers Ltd.,CONSTRUCTION,IRB,EQ,INE821I01014
IRCON International Ltd.,CONSTRUCTION,IRCON,EQ,INE962Y01013
Isgec Heavy Engineering Ltd.,INDUSTRIAL MANUFACTURING,ISGEC,EQ,INE858B01029
ITD Cementation India Ltd.,CONSTRUCTION,ITDCEM,EQ,INE686A01026
J.Kumar Infraprojects Ltd.,CONSTRUCTION,JKIL,EQ,INE576I01022
Jai Balaji Industries Ltd.,METALS,JAIBALAJI,EQ,INE091G01018
Jain Irrigation Systems Ltd.,INDUSTRIAL MANUFACTURING,JISLJALEQS,EQ,INE175A01038
Jamna Auto Industries Ltd.,AUTOMOBILE,JAMNAAUTO,EQ,INE039C01032
Jash Engineering Ltd.,INDUSTRIAL MANUFACTURING,JASH,EQ,INE039O01011
Jay Bharat Maruti Ltd.,AUTOMOBILE,JAYBARMARU,EQ,INE571B01028
JBM Auto Ltd.,AUTOMOBILE,JBMA,EQ,INE927D01044
Jindal Poly Films Ltd.,INDUSTRIAL MANUFACTURING,JINDALPOLY,EQ,INE197D01010
Jindal Worldwide Ltd.,TEXTILES,JINDWORLD,EQ,INE247D01039
Jio Financial Services Ltd.,FINANCIAL SERVICES,JIOFIN,EQ,INE758E01017
JSL Industries Ltd.,INDUSTRIAL MANUFACTURING,JSLINDL,EQ,INE581M01016
Jubilant Ingrevia Ltd.,CHEMICALS,JUBLINGREA,EQ,INE0BY001018
Just Dial Ltd.,IT,JUSTDIAL,EQ,INE599M01018
K.P.R. Mill Ltd.,TEXTILES,KPRMILL,EQ,INE930H01031
Kajaria Ceramics Ltd.,CONSTRUCTION,KAJARIACER,EQ,INE217B01036
Kalyani Steels Ltd.,METALS,KSL,EQ,INE907A01026
Kama Holdings Ltd.,FINANCIAL SERVICES,KAMA,EQ,INE411F01010
Kamdhenu Ltd.,METALS,KAMDHENU,EQ,INE390H01012
Kansai Nerolac Paints Ltd.,CONSUMER GOODS,KANSAINER,EQ,INE531A01024
Karur Vysya Bank Ltd.,FINANCIAL SERVICES,KARURVYSYA,EQ,INE036D01028
Kaveri Seed Company Ltd.,CONSUMER GOODS,KSCL,EQ,INE455I01029
Kaynes Technology India Ltd.,INDUSTRIAL MANUFACTURING,KAYNES,EQ,INE07X401015
KDDL Ltd.,CONSUMER GOODS,KDDL,EQ,INE291D01011
KEC International Ltd.,CONSTRUCTION,KEC,EQ,INE389H01022
Keltech Energies Ltd.,CHEMICALS,KELENERG,EQ,INE881E01017
Kennametal India Ltd.,INDUSTRIAL MANUFACTURING,KENNAMET,EQ,INE717A01029
Kfin Technologies Ltd.,FINANCIAL SERVICES,KFINTECH,EQ,INE0J1Z01013
KIOCL Ltd.,METALS,KIOCL,EQ,INE880L01014
Kirloskar Brothers Ltd.,INDUSTRIAL MANUFACTURING,KIRLOSBROS,EQ,INE732A01036
Kirloskar Industries Ltd.,INDUSTRIAL MANUFACTURING,KIRLIND,EQ,INE250A01039
KNR Constructions Ltd.,CONSTRUCTION,KNRCON,EQ,INE634I01029
Kokuyo Camlin Ltd.,CONSUMER GOODS,KOKUYOCMLN,EQ,INE760A01029
Kopran Ltd.,PHARMA,KOPRAN,EQ,INE082A01010
Krsnaa Diagnostics Ltd.,HEALTHCARE SERVICES,KRSNAA,EQ,INE08LI01020
KSolves India Ltd.,IT,KSOLVES,EQ,INE0D6I01015
Lakshmi Machine Works Ltd.,INDUSTRIAL MANUFACTURING,LAXMIMACH,EQ,INE269B01029
Landmark Cars Ltd.,AUTOMOBILE,LANDMARK,EQ,INE0J4301020
Latent View Analytics Ltd.,IT,LATENTVIEW,EQ,INE0I7B01023
Laxmi Organic Industries Ltd.,CHEMICALS,LXCHEM,EQ,INE576O01020
Lemon Tree Hotels Ltd.,SERVICES,LEMONTREE,EQ,INE970X01018
Lloyds Metals and Energy Ltd.,METALS,LLOYDSME,EQ,INE281B01032
LT Foods Ltd.,CONSUMER GOODS,LTFOODS,EQ,INE818H01020
Lumax Auto Technologies Ltd.,AUTOMOBILE,LUMAXTECH,EQ,INE872H01027
Lumax Industries Ltd.,AUTOMOBILE,LUMAXIND,EQ,INE162B01018
Macrotech Developers Ltd. (Lodha),CONSTRUCTION,MACROTECH,EQ,INE670K01029
Madhav Marbles and Granites Ltd.,CONSTRUCTION,MADHAV,EQ,INE925C01016
Magadh Sugar & Energy Ltd.,CONSUMER GOODS,MAGADSUGAR,EQ,INE347W01011
Mahanagar Telephone Nigam Ltd.,TELECOM,MTNL,EQ,INE153A01019
Mahindra EPC Irrigation Ltd.,INDUSTRIAL MANUFACTURING,MAHEPC,EQ,INE215D01010
Mallcom (India) Ltd.,INDUSTRIAL MANUFACTURING,MALLCOM,EQ,INE389C01015
Mangalam Cement Ltd.,CEMENT & CEMENT PRODUCTS,MANGLMCEM,EQ,INE347A01017
Man Industries (India) Ltd.,METALS,MANINDS,EQ,INE993A01026
Man Infraconstruction Ltd.,CONSTRUCTION,MANINFRA,EQ,INE949H01023
Mangalore Chemicals & Fertilizers Ltd.,FERTILISERS & PESTICIDES,MANGCHEFER,EQ,INE558B01017
Manorama Industries Ltd.,CONSUMER GOODS,MANORAMA,EQ,INE00VM01010
Marathon Nextgen Realty Ltd.,CONSTRUCTION,MARATHON,EQ,INE182D01020
Marksans Pharma Ltd.,PHARMA,MARKSANS,EQ,INE750C01026
Matrimony.com Ltd.,IT,MATRIMONY,EQ,INE866R01028
Max Healthcare Institute Ltd.,HEALTHCARE SERVICES,MAXHEALTH,EQ,INE027H01010
Mayur Uniquoters Ltd.,TEXTILES,MAYURUNIQ,EQ,INE040D01038
Mazagon Dock Shipbuilders Ltd.,INDUSTRIAL MANUFACTURING,MAZDOCK,EQ,INE249Z01012
Medplus Health Services Ltd.,HEALTHCARE SERVICES,MEDPLUS,EQ,INE804L01022
Metro Brands Ltd.,CONSUMER GOODS,METROBRAND,EQ,INE0I2I01014
Mishra Dhatu Nigam Ltd.,METALS,MIDHANI,EQ,INE099Z01011
Mold-Tek Packaging Ltd.,INDUSTRIAL MANUFACTURING,MOLDTKPAC,EQ,INE893J01029
Morepen Laboratories Ltd.,PHARMA,MOREPENLAB,EQ,INE083A01026
Mtar Technologies Ltd.,INDUSTRIAL MANUFACTURING,MTARTECH,EQ,INE864I01014
Mukand Ltd.,METALS,MUKANDLTD,EQ,INE304A01026
Munjal Auto Industries Ltd.,AUTOMOBILE,MUNJALAU,EQ,INE672B01032
Munjal Showa Ltd.,AUTOMOBILE,MUNJALSHOW,EQ,INE577A01027
Muthoot Capital Services Ltd.,FINANCIAL SERVICES,MUTHOOTCAP,EQ,INE296G01013
NACL Industries Ltd.,FERTILISERS & PESTICIDES,NACLIND,EQ,INE295D01020
Nagarjuna Fertilizers and Chemicals Ltd.,FERTILISERS & PESTICIDES,NAGAFERT,EQ,INE454M01024
Nahar Industrial Enterprises Ltd.,TEXTILES,NAHARINDUS,EQ,INE049I01012
Nahar Spinning Mills Ltd.,TEXTILES,NAHARSPING,EQ,INE290A01027
Natco Pharma Ltd.,PHARMA,NATCOPHARM,EQ,INE987B01026
National Fertilizers Ltd.,FERTILISERS & PESTICIDES,NFL,EQ,INE870D01012
Nava Bharat Ventures Ltd.,ENERGY,NBVENTURES,EQ,INE725A01022
Navin Fluorine International Ltd.,CHEMICALS,NAVINFLUOR,EQ,INE048G01026
Nazara Technologies Ltd.,MEDIA & ENTERTAINMENT,NAZARA,EQ,INE418L01021
Nectar Lifesciences Ltd.,PHARMA,NECLIFE,EQ,INE023H01027
Neogen Chemicals Ltd.,CHEMICALS,NEOGEN,EQ,INE614X01017
Newgen Software Technologies Ltd.,IT,NEWGEN,EQ,INE619B01017
Nilkamal Ltd.,INDUSTRIAL MANUFACTURING,NILKAMAL,EQ,INE310A01015
Nippon Life India Asset Management Ltd.,FINANCIAL SERVICES,NAM-INDIA,EQ,INE298J01013
NMDC Steel Ltd.,METALS,NMDCSTEEL,EQ,INE0NNS01018
Nuvama Wealth Management Ltd.,FINANCIAL SERVICES,NUVAMA,EQ,INE531F01015
Nuvoco Vistas Corporation Ltd.,CEMENT & CEMENT PRODUCTS,NUVOCO,EQ,INE118D01016
Olectra Greentech Ltd.,AUTOMOBILE,OLECTRA,EQ,INE260D01016
One97 Communications Ltd. (Paytm),IT,PAYTM,EQ,INE982J01020
Onmobile Global Ltd.,IT,ONMOBILE,EQ,INE839I01013
Orissa Minerals Development Company Ltd.,METALS,ORISSAMINE,EQ,INE725E01024
Paisalo Digital Ltd.,FINANCIAL SERVICES,PAISALO,EQ,INE420C01042
Paradeep Phosphates Ltd.,FERTILISERS & PESTICIDES,PARADEEP,EQ,INE088F01024
Parag Milk Foods Ltd.,CONSUMER GOODS,PARAGMILK,EQ,INE883N01014
Patel Engineering Ltd.,CONSTRUCTION,PATELENG,EQ,INE244B01030
PCBL Ltd.,CHEMICALS,PCBL,EQ,INE602A01023
PG Electroplast Ltd.,CONSUMER GOODS,PGEL,EQ,INE457L01011
Pitti Engineering Ltd.,INDUSTRIAL MANUFACTURING,PITTIENG,EQ,INE450D01021
Piramal Pharma Ltd.,PHARMA,PIRAMALPHL,EQ,INE0DK501011
Pokarna Ltd.,CONSTRUCTION,POKARNA,EQ,INE637C01025
Poly Medicure Ltd.,HEALTHCARE SERVICES,POLYMED,EQ,INE205C01021
Poonawalla Fincorp Ltd.,FINANCIAL SERVICES,POONAWALLA,EQ,INE511C01022
Power Mech Projects Ltd.,CONSTRUCTION,POWERMECH,EQ,INE211R01019
Prataap Snacks Ltd.,CONSUMER GOODS,DIAMONDYD,EQ,INE393P01035
Precision Camshafts Ltd.,AUTOMOBILE,PRECAM,EQ,INE484I01029
Precision Wires India Ltd.,METALS,PRECWIRE,EQ,INE372C01037
Prism Johnson Ltd.,CEMENT & CEMENT PRODUCTS,PRSMJOHNSN,EQ,INE010A01011
Prudent Corporate Advisory Services Ltd.,FINANCIAL SERVICES,PRUDENT,EQ,INE00F201020
PTC India Financial Services Ltd.,FINANCIAL SERVICES,PFIZER,EQ,INE182A01018
Puravankara Ltd.,CONSTRUCTION,PURVA,EQ,INE323I01011
Quess Corp Ltd.,SERVICES,QUESS,EQ,INE615P01015
R Systems International Ltd.,IT,RSYSTEMS,EQ,INE411H01032
R R Kabel Ltd.,INDUSTRIAL MANUFACTURING,RRKABEL,EQ,INE777K01022
Rachana Infrastructure Ltd.,CONSTRUCTION,RACHANA,EQ,INE02OY01016
Radiant Cash Management Services Ltd.,SERVICES,RADIANTCMS,EQ,INE855R01021
Rainbow Children's Medicare Ltd.,HEALTHCARE SERVICES,RAINBOW,EQ,INE08MJ01018
Ramco Industries Ltd.,CEMENT & CEMENT PRODUCTS,RAMCOIND,EQ,INE614A01028
Ramco Systems Ltd.,IT,RAMCOSYS,EQ,INE246B01019
Ramkrishna Forgings Ltd.,INDUSTRIAL MANUFACTURING,RAMKRISHNA,EQ,INE399G01023
Rashi Peripherals Ltd.,IT,RASHI,EQ,INE0J1F01024
RateGain Travel Technologies Ltd.,IT,RATEGAIN,EQ,INE0CLI01024
Rattanindia Enterprises Ltd.,SERVICES,RTNINDIA,EQ,INE834M01019
Rattanindia Power Ltd.,ENERGY,RTNPOWER,EQ,INE399K01017
RHI Magnesita India Ltd.,INDUSTRIAL MANUFACTURING,RHIM,EQ,INE743M01012
Rico Auto Industries Ltd.,AUTOMOBILE,RICOAUTO,EQ,INE209B01025
Rossari Biotech Ltd.,CHEMICALS,ROSSARI,EQ,INE02A801020
Route Mobile Ltd.,IT,ROUTE,EQ,INE450U01017
Rupa & Company Ltd.,TEXTILES,RUPA,EQ,INE895B01021
Sagar Cements Ltd.,CEMENT & CEMENT PRODUCTS,SAGCEM,EQ,INE229C01021
Sahyadri Industries Ltd.,CONSTRUCTION,SAHYADRI,EQ,INE280H01015
Sandhar Technologies Ltd.,AUTOMOBILE,SANDHAR,EQ,INE278H01035
Sanghi Industries Ltd.,CEMENT & CEMENT PRODUCTS,SANGHIIND,EQ,INE999B01013
Sansera Engineering Ltd.,AUTOMOBILE,SANSERA,EQ,INE953O01021
Sarda Energy & Minerals Ltd.,METALS,SARDAEN,EQ,INE385C01013
Saregama India Ltd.,MEDIA & ENTERTAINMENT,SAREGAMA,EQ,INE979A01025
Sastasundar Ventures Ltd.,FINANCIAL SERVICES,SASTASUNDR,EQ,INE019J01024
Satin Creditcare Network Ltd.,FINANCIAL SERVICES,SATIN,EQ,INE836B01017
SBFC Finance Ltd.,FINANCIAL SERVICES,SBFC,EQ,INE423Y01016
Senco Gold Ltd.,CONSUMER GOODS,SENCO,EQ,INE602W01019
Shaily Engineering Plastics Ltd.,INDUSTRIAL MANUFACTURING,SHAILY,EQ,INE151G01028
Shankara Building Products Ltd.,METALS,SHANKARA,EQ,INE274V01019
Share India Securities Ltd.,FINANCIAL SERVICES,SHAREINDIA,EQ,INE932X01018
Shivalik Bimetal Controls Ltd.,METALS,SBCL,EQ,INE386D01027
Shree Pushkar Chemicals & Fertilisers Ltd.,CHEMICALS,SHREEPUSHK,EQ,INE712K01011
Shyam Metalics and Energy Ltd.,METALS,SHYAMMETL,EQ,INE810G01011
Sigachi Industries Ltd.,CHEMICALS,SIGACHI,EQ,INE0D0K01022
Signatureglobal (India) Ltd.,CONSTRUCTION,SIGNATURE,EQ,INE903U01023
Sika Interplant Systems Ltd.,INDUSTRIAL MANUFACTURING,SIKA,EQ,INE0BN301018
Simplex Infrastructures Ltd.,CONSTRUCTION,SIMPLEXINF,EQ,INE059B01024
SJS Enterprises Ltd.,AUTOMOBILE,SJS,EQ,INE284S01014
SML Isuzu Ltd.,AUTOMOBILE,SMLISUZU,EQ,INE294B01019
Somany Ceramics Ltd.,CONSTRUCTION,SOMANYCERA,EQ,INE355A01028
Spandana Sphoorty Financial Ltd.,FINANCIAL SERVICES,SPANDANA,EQ,INE572J01011
Speciality Restaurants Ltd.,SERVICES,SPECIALITY,EQ,INE247M01014
Star Health and Allied Insurance Company Ltd.,FINANCIAL SERVICES,STARHEALTH,EQ,INE575P01011
Sterling and Wilson Renewable Energy Ltd.,ENERGY,SWSOLAR,EQ,INE00M201021
Subex Ltd.,IT,SUBEXLTD,EQ,INE754A01055
Sula Vineyards Ltd.,CONSUMER GOODS,SULA,EQ,INE142Q01026
Sumitomo Chemical India Ltd.,CHEMICALS,SUMICHEM,EQ,INE258G01013
Supriya Lifescience Ltd.,PHARMA,SUPRIYA,EQ,INE07RO01027
Suraj Estate Developers Ltd.,CONSTRUCTION,SURAJEST,EQ,INE843S01025
Surya Roshni Ltd.,INDUSTRIAL MANUFACTURING,SURYAROSNI,EQ,INE335A01020
Swelect Energy Systems Ltd.,ENERGY,SWELECTES,EQ,INE409B01013
Sylph Technologies Ltd.,IT,SYLPHTECH,EQ,INE706F01013
Taj GVK Hotels & Resorts Ltd.,SERVICES,TAJGVK,EQ,INE586B01026
Tanla Platforms Ltd.,IT,TANLA,EQ,INE483C01032
Tarsons Products Ltd.,HEALTHCARE SERVICES,TARSONS,EQ,INE144Z01023
Tasty Bite Eatables Ltd.,CONSUMER GOODS,TASTYBITE,EQ,INE488B01017
TD Power Systems Ltd.,INDUSTRIAL MANUFACTURING,TDPOWERSYS,EQ,INE419M01027
Tejas Networks Ltd.,TELECOM,TEJASNET,EQ,INE010J01012
Texmaco Rail & Engineering Ltd.,INDUSTRIAL MANUFACTURING,TEXRAIL,EQ,INE621L01012
Thomas Cook (India) Ltd.,SERVICES,THOMASCOOK,EQ,INE332A01027
Tilaknagar Industries Ltd.,CONSUMER GOODS,TI,EQ,INE133E01013
Tips Industries Ltd.,MEDIA & ENTERTAINMENT,TIPSINDLTD,EQ,INE716B01029
Tracxn Technologies Ltd.,IT,TRACXN,EQ,INE0HMF01019
Transport Corporation of India Ltd.,SERVICES,TCI,EQ,INE688A01022
Triveni Engineering & Industries Ltd.,CONSUMER GOODS,TRIVENI,EQ,INE256C01024
TVS Holdings Ltd.,AUTOMOBILE,TVSHLTD,EQ,INE105A01035
Ujjivan Small Finance Bank Ltd.,FINANCIAL SERVICES,UJJIVANSFB,EQ,INE551W01018
Unichem Laboratories Ltd.,PHARMA,UNICHEMLAB,EQ,INE351A01035
Usha Martin Ltd.,METALS,USHAMART,EQ,INE228A01035
UTI Asset Management Company Ltd.,FINANCIAL SERVICES,UTIAMC,EQ,INE094J01016
V.S.T Tillers Tractors Ltd.,AUTOMOBILE,VSTTILLERS,EQ,INE710A01016
Vaibhav Global Ltd.,CONSUMER GOODS,VAIBHAVGBL,EQ,INE884A01027
Vardhman Special Steels Ltd.,METALS,VSSL,EQ,INE050M01012
Varroc Engineering Ltd.,AUTOMOBILE,VARROC,EQ,INE665L01035
Vijaya Diagnostic Centre Ltd.,HEALTHCARE SERVICES,VIJAYA,EQ,INE043W01024
Vishnu Chemicals Ltd.,CHEMICALS,VISHNU,EQ,INE270I01022
Wheels India Ltd.,AUTOMOBILE,WHEELS,EQ,INE715A01015
Wonderla Holidays Ltd.,SERVICES,WONDERLA,EQ,INE572O01011
Xpro India Ltd.,INDUSTRIAL MANUFACTURING,XPROINDIA,EQ,INE445C01015
Zaggle Prepaid Ocean Services Ltd.,IT,ZAGGLE,EQ,INE0QK601016
Zensar Technologies Ltd.,IT,ZENSARTECH,EQ,INE520A01027
Zomato Ltd.,SERVICES,ZOMATO,EQ,INE758T01015
Zuari Agro Chemicals Ltd.,FERTILISERS & PESTICIDES,ZUARI,EQ,INE840M01016
Aarti Drugs Ltd.,PHARMA,AARTIDRUGS,EQ,INE767A01016
Aban Offshore Ltd.,ENERGY,ABAN,EQ,INE421A01028
Adani Enterprises Ltd.,SERVICES,ADANIENT,EQ,INE423A01024
Aether Industries Ltd.,CHEMICALS,AETHER,EQ,INE0BWX01014
Agarwal Industrial Corporation Ltd.,CHEMICALS,AGARIND,EQ,INE204A01010
Anand Rathi Wealth Ltd.,FINANCIAL SERVICES,ANANDRATHI,EQ,INE463V01026
Angel One Ltd.,FINANCIAL SERVICES,ANGELONE,EQ,INE732I01013
Anupam Rasayan India Ltd.,CHEMICALS,ANURAS,EQ,INE930P01018
Aptus Value Housing Finance India Ltd.,FINANCIAL SERVICES,APTUS,EQ,INE852O01025
Archean Chemical Industries Ltd.,CHEMICALS,ACI,EQ,INE128X01021
Bajaj Housing Finance Ltd.,FINANCIAL SERVICES,BAJAJHFL,EQ,INE377Y01014
Balaji Amines Ltd.,CHEMICALS,BALAMINES,EQ,INE050E01027
Bikaji Foods International Ltd.,CONSUMER GOODS,BIKAJI,EQ,INE00E101023
Birla Cable Ltd.,TELECOM,BIRLACABLE,EQ,INE800A01015
Borosil Renewables Ltd.,INDUSTRIAL MANUFACTURING,BORORENEW,EQ,INE666D01022
Brigade Enterprises Ltd.,CONSTRUCTION,BRIGADE,EQ,INE791I01019
Campus Activewear Ltd.,CONSUMER GOODS,CAMPUS,EQ,INE278Y01022
Capacit'e Infraprojects Ltd.,CONSTRUCTION,CAPACITE,EQ,INE557Z01018
CCL Products (India) Ltd.,CONSUMER GOODS,CCL,EQ,INE421D01022
C.E. Info Systems Ltd. (MapmyIndia),IT,MAPMYINDIA,EQ,INE0BV301023
Chemplast Sanmar Ltd.,CHEMICALS,CHEMPLASTS,EQ,INE488A01050
Choice International Ltd.,FINANCIAL SERVICES,CHOICEIN,EQ,INE102B01014
Cigniti Technologies Ltd.,IT,CIGNITITEC,EQ,INE675C01017
Craftsman Automation Ltd.,INDUSTRIAL MANUFACTURING,CRAFTSMAN,EQ,INE00LO01017
Data Patterns (India) Ltd.,INDUSTRIAL MANUFACTURING,DATAPATTNS,EQ,INE0IX101010
Deep Industries Ltd.,ENERGY,DEEPINDS,EQ,INE0FHS01024
Delhivery Ltd.,SERVICES,DELHIVERY,EQ,INE148O01028
Devyani International Ltd.,CONSUMER GOODS,DEVYANI,EQ,INE872J01023
Dhani Services Ltd.,FINANCIAL SERVICES,DHANI,EQ,INE274G01010
Dhanuka Agritech Ltd.,FERTILISERS & PESTICIDES,DHANUKA,EQ,INE435G01025
Dixon Technologies (India) Ltd.,CONSUMER GOODS,DIXON,EQ,INE935N01020
Dodla Dairy Ltd.,CONSUMER GOODS,DODLA,EQ,INE021O01019
Dreamfolks Services Ltd.,SERVICES,DREAMFOLKS,EQ,INE0L6I01021
Easy Trip Planners Ltd.,SERVICES,EASEMYTRIP,EQ,INE07O01018
Elecon Engineering Company Ltd.,INDUSTRIAL MANUFACTURING,ELECON,EQ,INE205B01023
Electronics Mart India Ltd.,CONSUMER GOODS,EMIL,EQ,INE02YR01019
Elgi Rubber Co. Ltd.,AUTOMOBILE,ELGIRUBCO,EQ,INE819L01012
Emami Paper Mills Ltd.,PAPER,EMAMIPAP,EQ,INE830C01026
Epigral Ltd.,CHEMICALS,EPIGRAL,EQ,INE071N01016
Esab India Ltd.,INDUSTRIAL MANUFACTURING,ESABINDIA,EQ,INE284A01012
Eveready Industries India Ltd.,CONSUMER GOODS,EVEREADY,EQ,INE128A01029
Exxaro Tiles Ltd.,CONSTRUCTION,EXXARO,EQ,INE0GFE01018
Fino Payments Bank Ltd.,FINANCIAL SERVICES,FINOPB,EQ,INE02NC01014
Five-Star Business Finance Ltd.,FINANCIAL SERVICES,FIVESTAR,EQ,INE128S01021
Foseco India Ltd.,CHEMICALS,FOSECOIND,EQ,INE519A01011
FSN E-Commerce Ventures Ltd. (Nykaa),CONSUMER GOODS,NYKAA,EQ,INE388Y01029
Gabriel India Ltd.,AUTOMOBILE,GABRIEL,EQ,INE524A01029
Galaxy Surfactants Ltd.,CHEMICALS,GALAXYSURF,EQ,INE600K01018
Ganesh Housing Corporation Ltd.,CONSTRUCTION,GANESHHOUC,EQ,INE460C01014
Gateway Distriparks Ltd.,SERVICES,GATEWAY,EQ,INE852F01015
Gensol Engineering Ltd.,ENERGY,GENSOL,EQ,INE0GLS01025
Gland Pharma Ltd.,PHARMA,GLAND,EQ,INE068V01023
Global Health Ltd.,HEALTHCARE SERVICES,GLOBAL,EQ,INE08V001013
GMM Pfaudler Ltd.,INDUSTRIAL MANUFACTURING,GMMPFAUDLR,EQ,INE541A01023
Go Fashion (India) Ltd.,CONSUMER GOODS,GOCOLORS,EQ,INE0BJS01011
 Gokaldas Exports Ltd.,TEXTILES,GOKEX,EQ,INE887G01027
Greenlam Industries Ltd.,CONSUMER GOODS,GREENLAM,EQ,INE544R01021
Greenpanel Industries Ltd.,CONSUMER GOODS,GREENPANEL,EQ,INE08ZM01014
Grindwell Norton Ltd.,INDUSTRIAL MANUFACTURING,GRINDWELL,EQ,INE536A01023
G R Infraprojects Ltd.,CONSTRUCTION,GRINFRA,EQ,INE201P01022
Gujarat Ambuja Exports Ltd.,CONSUMER GOODS,GAEL,EQ,INE036B01030
Gujarat Fluorochemicals Ltd.,CHEMICALS,FLUOROCHEM,EQ,INE09N301011
Happiest Minds Technologies Ltd.,IT,HAPPSTMNDS,EQ,INE419U01012
Hariom Pipe Industries Ltd.,METALS,HARIOMPIPE,EQ,INE0B1P01019
HBL Power Systems Ltd.,INDUSTRIAL MANUFACTURING,HBLPOWER,EQ,INE292B01021
HEG Ltd.,INDUSTRIAL MANUFACTURING,HEG,EQ,INE545A01016
Heranba Industries Ltd.,FERTILISERS & PESTICIDES,HERANBA,EQ,INE694N01015
Hikal Ltd.,PHARMA,HIKAL,EQ,INE475B01022
Hindustan Foods Ltd.,CONSUMER GOODS,HNDFDS,EQ,INE254N01018
Home First Finance Company India Ltd.,FINANCIAL SERVICES,HOMEFIRST,EQ,INE481N01034
Honasa Consumer Ltd.,CONSUMER GOODS,HONASA,EQ,INE0J5401028
Ibulls Enterprises Ltd.,CONSTRUCTION,IBENTER,EQ,INE059901020
ICICI Securities Ltd.,FINANCIAL SERVICES,ISEC,EQ,INE763G01038
ICRA Ltd.,FINANCIAL SERVICES,ICRA,EQ,INE725G01011
IFB Industries Ltd.,CONSUMER GOODS,IFBIND,EQ,INE559A01017
IFCI Ltd.,FINANCIAL SERVICES,IFCI,EQ,INE039A01010
IIFL Securities Ltd.,FINANCIAL SERVICES,IIFLSEC,EQ,INE489L01022
India Glycols Ltd.,CHEMICALS,INDIAGLYCO,EQ,INE560A01015
India Pesticides Ltd.,FERTILISERS & PESTICIDES,IPL,EQ,INE0D6701023
Indigo Paints Ltd.,CONSUMER GOODS,INDIGOPNTS,EQ,INE09VQ01012
Indo Count Industries Ltd.,TEXTILES,ICIL,EQ,INE483B01026
Indoco Remedies Ltd.,PHARMA,INDOCO,EQ,INE873D01024
Indus Towers Ltd.,TELECOM,INDUSTOWER,EQ,INE121J01017
Inox Green Energy Services Ltd.,ENERGY,INOXGREEN,EQ,INE510W01014
Inox Wind Ltd.,ENERGY,INOXWIND,EQ,INE066P01011
Intellect Design Arena Ltd.,IT,INTELLECT,EQ,INE306R01017
Isgec Heavy Engineering Ltd.,INDUSTRIAL MANUFACTURING,ISGEC,EQ,INE858B01029
J.Kumar Infraprojects Ltd.,CONSTRUCTION,JKIL,EQ,INE576I01022
Jai Balaji Industries Ltd.,METALS,JAIBALAJI,EQ,INE091G01018
Jindal Poly Films Ltd.,INDUSTRIAL MANUFACTURING,JINDALPOLY,EQ,INE197D01010
Jindal Worldwide Ltd.,TEXTILES,JINDWORLD,EQ,INE247D01039
Jio Financial Services Ltd.,FINANCIAL SERVICES,JIOFIN,EQ,INE758E01017
JM Financial Ltd.,FINANCIAL SERVICES,JMFINANCIL,EQ,INE780C01023
Jubilant Ingrevia Ltd.,CHEMICALS,JUBLINGREA,EQ,INE0BY001018
Jyothy Labs Ltd.,CONSUMER GOODS,JYOTHYLAB,EQ,INE668F01031
K.P.R. Mill Ltd.,TEXTILES,KPRMILL,EQ,INE930H01031
Kalyani Steels Ltd.,METALS,KSL,EQ,INE907A01026
Kama Holdings Ltd.,FINANCIAL SERVICES,KAMA,EQ,INE411F01010
Kamdhenu Ltd.,METALS,KAMDHENU,EQ,INE390H01012
Kaynes Technology India Ltd.,INDUSTRIAL MANUFACTURING,KAYNES,EQ,INE07X401015
KCP Ltd.,CEMENT & CEMENT PRODUCTS,KCP,EQ,INE805C01028
KEC International Ltd.,CONSTRUCTION,KEC,EQ,INE389H01022
Kfin Technologies Ltd.,FINANCIAL SERVICES,KFINTECH,EQ,INE0J1Z01013
KIOCL Ltd.,METALS,KIOCL,EQ,INE880L01014
Kirloskar Brothers Ltd.,INDUSTRIAL MANUFACTURING,KIRLOSBROS,EQ,INE732A01036
Kirloskar Industries Ltd.,INDUSTRIAL MANUFACTURING,KIRLIND,EQ,INE250A01039
KNR Constructions Ltd.,CONSTRUCTION,KNRCON,EQ,INE634I01029
Krsnaa Diagnostics Ltd.,HEALTHCARE SERVICES,KRSNAA,EQ,INE08LI01020
KSolves India Ltd.,IT,KSOLVES,EQ,INE0D6I01015
Landmark Cars Ltd.,AUTOMOBILE,LANDMARK,EQ,INE0J4301020
Latent View Analytics Ltd.,IT,LATENTVIEW,EQ,INE0I7B01023
 Laxmi Organic Industries Ltd.,CHEMICALS,LXCHEM,EQ,INE576O01020
Lemon Tree Hotels Ltd.,SERVICES,LEMONTREE,EQ,INE970X01018
Lloyds Metals and Energy Ltd.,METALS,LLOYDSME,EQ,INE281B01032
LT Foods Ltd.,CONSUMER GOODS,LTFOODS,EQ,INE818H01020
Macrotech Developers Ltd. (Lodha),CONSTRUCTION,MACROTECH,EQ,INE670K01029
Mahindra EPC Irrigation Ltd.,INDUSTRIAL MANUFACTURING,MAHEPC,EQ,INE215D01010
Man Infraconstruction Ltd.,CONSTRUCTION,MANINFRA,EQ,INE949H01023
Mangalam Cement Ltd.,CEMENT & CEMENT PRODUCTS,MANGLMCEM,EQ,INE347A01017
Marksans Pharma Ltd.,PHARMA,MARKSANS,EQ,INE750C01026
Matrimony.com Ltd.,IT,MATRIMONY,EQ,INE866R01028
Max Healthcare Institute Ltd.,HEALTHCARE SERVICES,MAXHEALTH,EQ,INE027H01010
Mayur Uniquoters Ltd.,TEXTILES,MAYURUNIQ,EQ,INE040D01038
Mazagon Dock Shipbuilders Ltd.,INDUSTRIAL MANUFACTURING,MAZDOCK,EQ,INE249Z01012
Medplus Health Services Ltd.,HEALTHCARE SERVICES,MEDPLUS,EQ,INE804L01022
Metro Brands Ltd.,CONSUMER GOODS,METROBRAND,EQ,INE0I2I01014
Mold-Tek Packaging Ltd.,INDUSTRIAL MANUFACTURING,MOLDTKPAC,EQ,INE893J01029
Morepen Laboratories Ltd.,PHARMA,MOREPENLAB,EQ,INE083A01026
Mtar Technologies Ltd.,INDUSTRIAL MANUFACTURING,MTARTECH,EQ,INE864I01014
Mukand Ltd.,METALS,MUKANDLTD,EQ,INE304A01026
Nazara Technologies Ltd.,MEDIA & ENTERTAINMENT,NAZARA,EQ,INE418L01021
Neogen Chemicals Ltd.,CHEMICALS,NEOGEN,EQ,INE614X01017
Newgen Software Technologies Ltd.,IT,NEWGEN,EQ,INE619B01017
Nuvama Wealth Management Ltd.,FINANCIAL SERVICES,NUVAMA,EQ,INE531F01015
Nuvoco Vistas Corporation Ltd.,CEMENT & CEMENT PRODUCTS,NUVOCO,EQ,INE118D01016
Olectra Greentech Ltd.,AUTOMOBILE,OLECTRA,EQ,INE260D01016
One97 Communications Ltd. (Paytm),IT,PAYTM,EQ,INE982J01020
Orissa Minerals Development Company Ltd.,METALS,ORISSAMINE,EQ,INE725E01024
Paisalo Digital Ltd.,FINANCIAL SERVICES,PAISALO,EQ,INE420C01042
Paradeep Phosphates Ltd.,FERTILISERS & PESTICIDES,PARADEEP,EQ,INE088F01024
Patel Engineering Ltd.,CONSTRUCTION,PATELENG,EQ,INE244B01030
Paytm Payments Bank Ltd.,FINANCIAL SERVICES,PAYTMPAY,EQ,INE982J01020
PCBL Ltd.,CHEMICALS,PCBL,EQ,INE602A01023
PG Electroplast Ltd.,CONSUMER GOODS,PGEL,EQ,INE457L01011
Piramal Pharma Ltd.,PHARMA,PIRAMALPHL,EQ,INE0DK501011
Pokarna Ltd.,CONSTRUCTION,POKARNA,EQ,INE637C01025
Poly Medicure Ltd.,HEALTHCARE SERVICES,POLYMED,EQ,INE205C01021
Poonawalla Fincorp Ltd.,FINANCIAL SERVICES,POONAWALLA,EQ,INE511C01022
Praj Industries Ltd.,INDUSTRIAL MANUFACTURING,PRAJIND,EQ,INE074A01025
Prataap Snacks Ltd.,CONSUMER GOODS,DIAMONDYD,EQ,INE393P01035
Prudent Corporate Advisory Services Ltd.,FINANCIAL SERVICES,PRUDENT,EQ,INE00F201020
Puravankara Ltd.,CONSTRUCTION,PURVA,EQ,INE323I01011
R Systems International Ltd.,IT,RSYSTEMS,EQ,INE411H01032
R R Kabel Ltd.,INDUSTRIAL MANUFACTURING,RRKABEL,EQ,INE777K01022
Rachana Infrastructure Ltd.,CONSTRUCTION,RACHANA,EQ,INE02OY01016
Radiant Cash Management Services Ltd.,SERVICES,RADIANTCMS,EQ,INE855R01021
Rainbow Children's Medicare Ltd.,HEALTHCARE SERVICES,RAINBOW,EQ,INE08MJ01018
Rashi Peripherals Ltd.,IT,RASHI,EQ,INE0J1F01024
RateGain Travel Technologies Ltd.,IT,RATEGAIN,EQ,INE0CLI01024
Rategain Travel Technologies Ltd.,IT,RATEGAIN,EQ,INE0CLI01024
Rattanindia Enterprises Ltd.,SERVICES,RTNINDIA,EQ,INE834M01019
Rattanindia Power Ltd.,ENERGY,RTNPOWER,EQ,INE399K01017
RHI Magnesita India Ltd.,INDUSTRIAL MANUFACTURING,RHIM,EQ,INE743M01012
Rossari Biotech Ltd.,CHEMICALS,ROSSARI,EQ,INE02A801020
Route Mobile Ltd.,IT,ROUTE,EQ,INE450U01017
Sagar Cements Ltd.,CEMENT & CEMENT PRODUCTS,SAGCEM,EQ,INE229C01021
Sahyadri Industries Ltd.,CONSTRUCTION,SAHYADRI,EQ,INE280H01015
Sanghi Industries Ltd.,CEMENT & CEMENT PRODUCTS,SANGHIIND,EQ,INE999B01013
Sansera Engineering Ltd.,AUTOMOBILE,SANSERA,EQ,INE953O01021
Sarda Energy & Minerals Ltd.,METALS,SARDAEN,EQ,INE385C01013
Saregama India Ltd.,MEDIA & ENTERTAINMENT,SAREGAMA,EQ,INE979A01025
Sastasundar Ventures Ltd.,FINANCIAL SERVICES,SASTASUNDR,EQ,INE019J01024
Satin Creditcare Network Ltd.,FINANCIAL SERVICES,SATIN,EQ,INE836B01017
SBFC Finance Ltd.,FINANCIAL SERVICES,SBFC,EQ,INE423Y01016
Schaeffler India Ltd.,INDUSTRIAL MANUFACTURING,SCHAEFFLER,EQ,INE513A01022
Senco Gold Ltd.,CONSUMER GOODS,SENCO,EQ,INE602W01019
Shaily Engineering Plastics Ltd.,INDUSTRIAL MANUFACTURING,SHAILY,EQ,INE151G01028
Shankara Building Products Ltd.,METALS,SHANKARA,EQ,INE274V01019
Share India Securities Ltd.,FINANCIAL SERVICES,SHAREINDIA,EQ,INE932X01018
Shivalik Bimetal Controls Ltd.,METALS,SBCL,EQ,INE386D01027
Shyam Metalics and Energy Ltd.,METALS,SHYAMMETL,EQ,INE810G01011
Sigachi Industries Ltd.,CHEMICALS,SIGACHI,EQ,INE0D0K01022
Signatureglobal (India) Ltd.,CONSTRUCTION,SIGNATURE,EQ,INE903U01023
Sika Interplant Systems Ltd.,INDUSTRIAL MANUFACTURING,SIKA,EQ,INE0BN301018
SJS Enterprises Ltd.,AUTOMOBILE,SJS,EQ,INE284S01014
SML Isuzu Ltd.,AUTOMOBILE,SMLISUZU,EQ,INE294B01019
Somany Ceramics Ltd.,CONSTRUCTION,SOMANYCERA,EQ,INE355A01028
Spandana Sphoorty Financial Ltd.,FINANCIAL SERVICES,SPANDANA,EQ,INE572J01011
Sterling and Wilson Renewable Energy Ltd.,ENERGY,SWSOLAR,EQ,INE00M201021
Subex Ltd.,IT,SUBEXLTD,EQ,INE754A01055
Sula Vineyards Ltd.,CONSUMER GOODS,SULA,EQ,INE142Q01026
Sumitomo Chemical India Ltd.,CHEMICALS,SUMICHEM,EQ,INE258G01013
Supriya Lifescience Ltd.,PHARMA,SUPRIYA,EQ,INE07RO01027
Suraj Estate Developers Ltd.,CONSTRUCTION,SURAJEST,EQ,INE843S01025
Surya Roshni Ltd.,INDUSTRIAL MANUFACTURING,SURYAROSNI,EQ,INE335A01020
Swelect Energy Systems Ltd.,ENERGY,SWELECTES,EQ,INE409B01013
Sylph Technologies Ltd.,IT,SYLPHTECH,EQ,INE706F01013
Taj GVK Hotels & Resorts Ltd.,SERVICES,TAJGVK,EQ,INE586B01026
Tanla Platforms Ltd.,IT,TANLA,EQ,INE483C01032
Tarsons Products Ltd.,HEALTHCARE SERVICES,TARSONS,EQ,INE144Z01023
Tasty Bite Eatables Ltd.,CONSUMER GOODS,TASTYBITE,EQ,INE488B01017
TD Power Systems Ltd.,INDUSTRIAL MANUFACTURING,TDPOWERSYS,EQ,INE419M01027
Tejas Networks Ltd.,TELECOM,TEJASNET,EQ,INE010J01012
Thomas Cook (India) Ltd.,SERVICES,THOMASCOOK,EQ,INE332A01027
Thyrocare Technologies Ltd.,HEALTHCARE SERVICES,THYROCARE,EQ,INE594H01019
Tilaknagar Industries Ltd.,CONSUMER GOODS,TI,EQ,INE133E01013
Tips Industries Ltd.,MEDIA & ENTERTAINMENT,TIPSINDLTD,EQ,INE716B01029
Tracxn Technologies Ltd.,IT,TRACXN,EQ,INE0HMF01019
Transport Corporation of India Ltd.,SERVICES,TCI,EQ,INE688A01022
Triveni Engineering & Industries Ltd.,CONSUMER GOODS,TRIVENI,EQ,INE256C01024
TVS Holdings Ltd.,AUTOMOBILE,TVSHLTD,EQ,INE105A01035
Ujjivan Small Finance Bank Ltd.,FINANCIAL SERVICES,UJJIVANSFB,EQ,INE551W01018
Unichem Laboratories Ltd.,PHARMA,UNICHEMLAB,EQ,INE351A01035
Usha Martin Ltd.,METALS,USHAMART,EQ,INE228A01035
UTI Asset Management Company Ltd.,FINANCIAL SERVICES,UTIAMC,EQ,INE094J01016
V.S.T Tillers Tractors Ltd.,AUTOMOBILE,VSTTILLERS,EQ,INE710A01016
Vaibhav Global Ltd.,CONSUMER GOODS,VAIBHAVGBL,EQ,INE884A01027
Vardhman Special Steels Ltd.,METALS,VSSL,EQ,INE050M01012
Vijaya Diagnostic Centre Ltd.,HEALTHCARE SERVICES,VIJAYA,EQ,INE043W01024
Wheels India Ltd.,AUTOMOBILE,WHEELS,EQ,INE715A01015
Wonderla Holidays Ltd.,SERVICES,WONDERLA,EQ,INE572O01011
Xpro India Ltd.,INDUSTRIAL MANUFACTURING,XPROINDIA,EQ,INE445C01015
Zaggle Prepaid Ocean Services Ltd.,IT,ZAGGLE,EQ,INE0QK601016
Zensar Technologies Ltd.,IT,ZENSARTECH,EQ,INE520A01027
Zomato Ltd.,SERVICES,ZOMATO,EQ,INE758T01015
Zuari Agro Chemicals Ltd.,FERTILISERS & PESTICIDES,ZUARI,EQ,INE840M01016